english,khasi
ENGLISH DICTIONARY,KHASI
"aS, Germany.", Mr Rudolf Haupt Halle
vho,Singh 
out,worn
eito have pity for ,isyn
" nang , expresses continuity or progression",iai
leii to,iai
morrow,lashdito
morrow,to
man,a speaker nong Sohraa Gherra
duito settle permanently.,hong
"zto ramble, to take a strolL",Iaid
ioto be peevish.,Leh
saAto remain sleeping or in bed.,Thiah
sto beat in such a way as to reflect,Shoh
"collocations, have",word
khntain.,Imit khutia
" a rapid, wi a",fat
ENGLISH DICTIONARY.,KHASI
"kasngi, ka, n. Domesday.",Akher
runners,dak
adit.,Imit adong
lanot,Adili
"aug,",Ang
aiig.,ang
"um, V.",Ang
devil from Hindustani Angrez.,Angret u n a dare
NONG,AI
"baisiew, v. to give money for buying things at a time, as,",Ai
dsLj.,a hat
siew aibaitda.,ImiL aibai
"baibat, v. to pay ready money.",Ai
"bainong,",v Ai
bainong,ai
baini.,ai
"baishun,",Ai
"bat, V, to give one to hold, to entrust with.",Ai
"br,",Ai
sor.,ai
"budndm, v. to slander",Ai
"kai, v. to give for a time, to pretend to give.",Ai
"kaiphod, legal,",Ai
"kam, v. to give employment.",vAi
aijam.,Imil aikam
"khawduh,",Ai
"khusnam,",Ai
"ksew,",Ai
ksnid or, Ai
"ksuidbriew, v. to kill or bring disease on a person",ai
aikhrei.,Imit aiksuid
"kum, kaba, n. a Synteng ceremony which a man performs",Ai
aiklong.,ImU aikum
aipalat.,Imit ai kylliang
"dav, V. to give an excuse ", Ai
ai,Imit aidaw
"ei,",Ai
"nguh, V. to give thanks.",vAi
aidem.,ImU ainguh
"huspai,",Ai
"lad,",vAi
ailynti.,Inui ailad
"lan,",Ai lait
"li, V. to give one his own way.",Ai
"mon,",Ai
ka kanun.,ImU ka aiii
"nishan, v. to name, to point out, to cite, identify.",Ai
"iiong,", Ai
aini.,Imit ainong
"pop, V. to charge with, to blame for.",Ai
"reng, v, to",Ai
fighting,bull
"rong,",Ai
airup.,Imit airong
"sakhi,",iAi
sakhiaisatar.,Imit ai
"sboh, IK to manure.",Ai
"shah, v. to give on credit.",vAi
aisham.,Imit aishah
"siew,",Ai
aitda.,aisiew
"sniew, v. to poison.",vAi
aismeh.,Imit aisniew
"sut, V. to give money on",vAi
aibut.,aisut
alput.,Imit alhia
"up, a Kajut.",Along ka n a lock
"na, a. idiotic.",An
"dien, v.",Ap
"phira, v. to guard as a sentinel.",Ap
THAP,AP
"tliap,",Ap
"tiili, V. to waylay.", Ap
aptliiem.,Imit aptiih
"fold, double.",Arban a two
thread.,a two folds of twisted
rising,up
aranna.,also arduna
"nm, ha, n. the junction of two rivers.",Arldd
"fold, hypocritical.",Arsap a two
arshing  Sa. p.,with annas as liii
"bylleu, v. to swell as if affected with nettlerash.",At
"khu,",At
atsnier.,Imit atkpoh
"kuda,",At
"mytung, v. to swell prominently, same aa Atmttmg.",At
"patengpateng,",At
"phyllung, v. to roll in waves.",At
TOP,AT
"top, V. to be dropsical.",At
"aw,",Aw
aw, u ud aw
lum highland rice.,ba abbrev of kba n n paddy as u a
bamiat.,Imt babha
phubu.,lmit u Babu
"bak,",Bak
bak,laid baJc
"batri, u, n. a noble, a person of high family.",sBakhraw
"jingbak,",Bak
jingbah khlem kren ia nga.,phet lyndet bah
bakli.,lmit bakla
"ding, t to light with a torch or lamp.",Ba
"baem, n. a welltodo person.",Badon
"hab, w, n. same as bapyntbor.",ba
"bang, v. to carry loads witli a stick across the",Bah
plate.,z n wall
"shells,",cowrie
"kmii,",bai
"iai, a. always, steadfast as,  ko Pa ba lah baz.",Ba
dili , bai
"money,",baibat ka n cash ready
bai musur.,Imit baikhrong
", ad. peevishly cry.",Baid iam
baisep.,Imit bailut
"bain, ad. very soft, as, jem baifibain.",Baiii
baini.,Iuit bainong
bangit.,baioDg
"seng, ka, n. capital, money for carrying on any business.",bai
day.,penses as on a m
baitda.,Imit baisiew
"liim,",bd
dih.,Imit bam
"bnai, v. to board",Bam
eating.,Bambriew adj cannibal man
"khuti,",Bam
"krang, v. to undermine.",Bam
"met, a. full said of tubers and fruits.",Ba
"ngem, adj. one who commits secret faults.",Bam
"hynrohnbnai, kala, n. eclipse of the moon.",Bam
"hynrohkasngi, haha n. eclipse of the sun.",Bam
"jakhluit, v.",Bam
"jajah, v. to take cold rico, to have a midday meal.",Bam
"jasngi,",Bam
day nieal.,v to take tiffin or mid
"niangiap, kaha, n. a disease which attacks the under part of",Bam
"fiiangriej, v. to be wormeaten said of fruits.",Bam
bam,Imit bamram
wwg.,and not for taking them home or for selling is said to ham
"sbitengkpoh, v. to take half a meal.",Bam
"tyllan, v. to devour  to eat without throwing away anything",Bam
i n. a dam,ka
ka patu.,Imit ka banat
hQ is obliged.,tive as um banse
"snaiap, kaba, n. incubus.",Ban
"pynthor, m, n. lowland rice.",ba
irto answer the call,phr leit
deity,Basa u n a village
"ubasa, a village deity.",u Bynkew
SHYNTUR,BElf
iambait,bat
umbrella.,shata ka n a leaf
satai.,SJmit batai
banang.,batip
behaved.,a good well
tipnong.,Imii batipsngi
behkhoh.,Behbeiii v to drive or persecute wrongly Jmit behbein
"behman, a. helpful to neighbours in time of need.",Behkha
"skei, beh",beh
"dngiem, etc..",khiat beh
behmreng.,Imit behmrad
behnongshohtuh.,ImiL behnongshohnoh
behthaw.,shnong
behdat.,Imit behshoh
"ijot leh, v. to dishonour.",Be
"man same as bymman,",Bei
"shyntur, v. to make a mouth.",Beiii
lieh .,lei
ia ftei.,as  un leh a
"dier,",Bet
"lap,",Bet
two in counting,a number containing thirty
"sngi, a. lucky.",Bha
"bhak, ad. confusedly",Bhuk
hhak,as ki la bred hhuk
"bham,",Bhum
u soitdn.,Imit u bhut
"bhat, ad. instantly",Bhut
leaves.,n ka a bundle of  pan or betel
"tynipew, v. to apjly a",Biah
"lGa,i",pan
ba anna.,Imit babieit
chaiu.,fire an instrument for punishing criminals leg
u kynda.,bili
"bin,",Bin
bm.,bin
"bishon khun, a. good, noble.",Binong
"biri, a. to be in confusion.",Tira
birai.,biria
khadar.,iLnit bishar
"carrier, a hhisti.",n a water
blab kren ad. to jabber.,Blab
"blait,", Blait
", ad. bloodlessly white.",lieh
"bbei, u,",Blang
"blar,",Blar
hlar ia,as u shet hlar
", v. feel lonely.",Blaw sngew
kidken.,Imit ki blei
"thaw, w, n. an idol, an image.",Blei
"bliat, ad. altogether, completely",Bliat
hliat.,as khoh hliat
"blir ad. pale as, stem blirblir.",Blir
"blom, ad. mutteringly",Blom
ka rwiang.,Imit ka bok
"bok, V. to bother.", Bok
"ang,",Bong
knang,Bong
"boi, ad. soft and coming off easily",Boi
hoi.,as lah hoi
"boin, ad. very soft,",Boifi
hoin.,as jem boin
ksu,Jeig hovo
"ei, v. to throw away as worthless.",Bred
"brein, ad. falling softly like a drizzle.",Breifi
ka kliyndew.,Imit ka bri
"kwai, ka n. a betelnut grove.",Bri
"brop, ad. in drops.",Brop
"brum, ad. with heavy steps of a number",Brum
brum.,iaid brum
btiah.,Iriiit bsa
ka mait.,Imit ka bseiii
"ksai,",Bsiat
"btaj,",Btaj
"btej,",Btej
btaj. ,em btaj
deer.,Bthong n a hog
"aid,",Bu
aidtang,mzV bu
"bak, ad. as quick as possible as, trei huJchak.",Biik
"fold, etc.",budQjxQ fold arMi two
"da, M, n. a carpenters brace.",Bud
"dien, v. to track,",Bud
"markjat,",Biid
"shnong, v. to colonise.",Buhai
buhbyndop. ,Iinit buhbynda
buh,ImU buhkam
"ktien,",Buh
", v. to betroth.",ia
buhthylliej.,Imit buh ktien
"ia, V. to appoint a time.",Buh
buhkai.,Imit buhrih
"sngi,",Buh
buh,buhsngi
"iam, u, n. a jar esp. one m.ade of porcelain.",Bu
"bin, ad. with grimaces, contortively,",Buin
buitka,ka
tibuitjat.,limit buit
"ktien, a. talkative, loquacious.",BAn
ka,Imit ka burom
"wood, etc. same as bdi.",Bydi ka n twenty used in counting fire
labourer,day
", ad. having the marks of stripes.",at
f ymdei.,Ba
byndop.,Imit bynda
byndop,mzibyndi
"hati, ka, n. the tusk of an elephant, ivory.",Byniat
net drawn by one person and tied from,n a square fish
"byfiiup, . drizzling used with Zip.",Byniup
"demon,",she
"byrnget,",Byrngut
KAI,KABA
"ie,",Byr
khmat,with
"iong, a. blackish.",Byr
byrkhew.,Imit byrni
"dong, ka, n. a small sack",Byrni
kneed.,Byrship a knock
i  eruptions.,Byrthiew or pyrthiew u n parched pulses kaba
"byrten, ad. long and entwining, as,  balei",Byrtun
byrten.,byrtmi
"kdi, n. plaything, sport, sham, not rea..",Kaba
"shyntur, kaba, n. harelip.",Ead
"kaei, n. a thing, anything,",Kaei
"kaeiruhem, pJir. nothing at",Kaei
"rekaei, phr. something or",Kaei
"khlaw,",Kai
"kynthei, a. licentious.",Kai
"dait, w, n. a mosquito,",kain
"iong, u,",kain
fly.,n a meat
"bordi, ka, n. a bullockcart.",Kali
ka jam  z.,necessity need mzt ka kam
im.,not contraction of ka
kajih,Tmit kamai
"khynraw, ka, n. what one earns while unmarried.",Kamai
"bah,",Kam
kam,lmit kambnh
"karikor, ha,n. mechanical works.",Kam
"u kadiang, u,",Kamon
"ram, ha, n. duty.",Kam
"shongkdi, ka, n. a drawingroom.",Kamra
"shnongkamthaw, ka, n. politics.",Kam
"kano, p. any one, any.",Kano
kap.,as ia
SHILIANGKAWARLIANQ,KAW
"house,",n court
"katno, ad. however much.",Katno
"katne, jr. some, more or less, a certain amount.",Katto
"kaw,",Kaw
", v. to make a noise or clamour.",ia
"kawdawdaw, ad. clamorously ",Kdw
"ar, j. some other.",Kawei ka
"pat, p. another, other.",Kawei
"shiliaDgkwarliang, ka, n. a fine.",Kdw
NOH,KEIN
"kbin, a. small and well cut.",Kbin
"kdik, wchrobbingly,",Kdik
Mik,as ka mynsiem ka khih kdik
i ia phi.,longingly as  u kwah kdik kdik ban ioh
"kdang, ad, at all, sincerely used negatively",Kding
kdang ia u.,tip kding
"keh, ad. stammeringly.",Keh
"sop, w,",kei
buck., a roe
"noh, v. enough . vpry",JSlein
ARBONGTHAI,KHAD
"synrai,",as m
lyiuY.,kem
"bikar,",Kem
"kalar,",Kem
shell,egg
shell called ka lieng.,broken egg
"khap, ka, n. a kimkhap cloth.",Kem
"ktien, v. to interrupt, to rejoin.",Kem
"iongrein, kaha n, dusk.",Kem
"pang,",Kem
"puri, v. to become ill by the influence",Kem
"kut,",Ker
"dam, v. to hedge round leaving no opening.",Ker
"fish,",khabniang u n a pipe
"kiman,",Kha
sprit.,of an evil
"ar, a. twelve.",Khad
"arblang, ka, n. the name of a part of the Khyrim",Khad
"arbongthai,",Elhad
ARKUR,KHAD
KHAIT,KHAIT
"arkur, hi, n. the twelve electoral clans of tlie Clierra State.",Khad
"dki, ka, n. one of the pieces of",kha
khadwai,Imii khadduh
"ei, ",Khad
"ei, udon du.",as  Phi ong um don khad
"ja, v. to serve out boiled rice. Imit. khadjakhadjhur.",Khad
"tyrut, v. to drive away an evilspirit called ka  Tyrut by",Khad
dakatyr,khad
dakasmer.,ut
khang,to corner to surround Imit khangdong
fern., a kind of fern a tree
"ii, v. to trade, to buy and",Kha
iipateng.,Imit kha
worm,w n ring
", equal match, ending in a draw.",ia
khiej.,khait
"khait, a very poor",Khait
khait,long ubaduk khait
SHANAM,KHAN
"khala, ad. immediately, at once,",fKbala
"wait, v. to display ones skill in the wielding of a sword.",Khalai
"kynrei, a. more abundant.",Kham
"mukur, u, n. small fish.",fKha
mash.,Beng magul
"tax list, census.",n house
"ktem, v. to divine as to the track of hunted game.",Khan
"shanam, v. to divine by the swing of the limecase.",Khan
holders for witnessing the sale of land.,land
khum.,bam
"bria, a. having partially closed eyes.",Khap
khapuin.,Imit khapnglah
khadain.,Tnnt khapiah
"fisted,",close
khapbit.,khapnap
"ngapkynta, Kharsawian, Kharshiiing, etc.",kongor Khar
demon.,Kharabak u n the fever
"alot, u, n. merchant",khar
"men, especially potatoes.",who buys wholesale goods from the hill
kharkor.,Imit kharkaw
"kpoh, kaha, n. diarrhoea or looseness of the bowels.",Khar
vi, Beng Bislot Bot Milletia Pacchycarpa Bth
SW,KHA
OT,KHAW
"saw, ka n. a very common fish in the streams",kha
born., to be twin
ei,see khad
tyrut.,tion as khat
"ei, conj. see khadei.",Khat
"um,",Khat
"uman, v, n. one related by marriage.",Kha
dawai.,Imif khawai
"khawdawdaw, a. penniless, very poor.",Khaw
khawtan .,khawduh
"eit, v. to be afraid of.",Khdw
"iang, w, n. a certain plant used in fermentation, fermented",Khaw
" dei, phr. affected with wine.",liquov
hand.,cannot be reached with the
"ot, kahaf n. rice not properly boiled.",Khaw
PET,KHAW
"pet, u, n. rice purchased with money as distinguished from",Khdw
"rneng,",Khaw
keepers.,or Thlen
"eh khengkheng,",as  upyn
"ban khai, v. to proiitiate the evilspirits",Khein
"briew, v. to have some regard for.",Khein
"burom,",Khein
kh einsurom.,kheinburom
kheinkhrei.,misfortune by propitiating him ImzL kheinksjuid
"kupar, v. to be dishonoured.",Kheiu
"kylliiid,",Khein
khein kyrwa.,kylluid
"dewthala, v. to reckon as worthless.",Khein
"dohksew, v. to become obstinate or desperate.",Kheiii
"dohiap, v. to become desperate.",Khein
"duh, v. to become reckless, to give oneself up as lost.",Khein
"poh, v. to under value, to underrate",Kheiii
"sbai, v. to give an",Khein
"snep, v. to care for used with ym.",Khein
LAPEti,KHIE
khem phad.,Imif khem met
ka,khet
"tiah, v. to cut the trees or bamboos and leave",iKhet
nang.,Tmit khiah
"krac, khiahksuid, v. to be in a very sound health.",Khiah
deer.,Khiat ka n a moss
"thew, a. graceful, elegant, dignified.",Khia
"bhang, v. to become mad as if from the effect of hJiang.",Khie
"bhur, v. to have epileptic",Khie
"ka rasong,",Khie
"khlam,",Khie
"khlieh, v. to keep",Khie
kJiUeh shuh .,ram eh um lah khie
"khynraw, v. to reach the age of maturity.",Xhie
"kieh, v. to stir up suddenly as if for action or on account",Khie
"kyllang, v. to be cyclonic.",Ehie
"iaiong,",Khie
"im, v. to revive",Ehie
"lapeh, v. to have abundant leaves",Khie
luxg,kiiip
"lung,",Kliie
"rih,",Khie
"sarumut, v, to have a fancy for",Khie
"sboh, v. to have fever.",Khie
"shylluit,",Khie
"step, v. to rise early.",Khie
khie phyrngap.,IndL khie step
u siang.,Imit u khiew
"dieugbai, u, n, a big red ant",khiew
khiew,Imit khiewja
"kiii,",Khiewja
"saw, m, n. red ant.",khiew
", v. to resist.",ia
ksar.,SImit khih
"lyngkhum,",Khih
"map, v. to quiver.",Khih map
"Minuid,",Khi
doer before,to a Khasi custom of punishing an evil
KHIR,KHIR
"khir kharkliar, ad. studiously, as,  u wad",Khir
khar ia nga.,khir khar
"shikhir, ad. constantly seek a cause far quarrel",Khir
khir ia nga.,phi shu wad dong kfdrShi
u tblen.,nnt u khla
"khlak, khxiiot, ad. gaggingly,",Kblak
khlak ia nga na ka ryndang.,ban kshot khlak
"khlait, ad.",Khlait
khlaitkhlait kumne.,iayn
devil,she
kangoh.,Ji ka khlam
"suidiap, a. having the appearance of one who",Khlam
ka btap,Imit khlaw
"khleb,",Khleb
a.,Khleh V to mix to pound 
"lamwir, mo.",yZei
ka.,Imit ka khlein
"khlej, ad. tearfully, as,  u iam khlej kJdef.",Khlej
"akor, a. careless, reckless, unmannerly, rude.",Khlem
"dapud, adv. unceasingly, always,",Khlem
ptid.,khlerrida
khlemsuin.,Imit khlcmraiii
KHLEN,KHLEN
"khlen, a. muscular, strong.",Khlen
hUen,As u briew uba hhUn
"khlew, ad. staringly,",Khlew
"khlib, ad. looking fixedly,",Khlib
"khlik,",Khlik
", ad. cleanly white",lieh
khlik.,da ki jain kiba lieh khlik
ka reng.,lmit ka khlieh
"katyngab, ka, jihr. hearsay, rumour.",Khlieng
"khlingkhlangkhlang, ad. look round about.",Khling
khlir,khltr
"khmia,",Khmia
khmia.,sngaid khmia
MATDONG,KHMIH
"matdong,",Klimili
"shain, v. to gaze.",Khmih
"sian, v. to watch.",Khmih
"syntiat,",Khmih
"khmot, ad. angrily,",Khmot
"khning, ho.",khnang
"dpei, ka, n. the wooden frame of a hearth",Khnap
"khnek, ad. with a hop, lamely,",Khnek
khnek,as  u iaid khnek
"khnok, ad.",Khnok
khnok ba,limpingly as u iaid khnok
u rijied.,khnong
"khSoit,",Khiioit
khnoit,khnoit
tempered.,Khongkhong a irritable hot
mongdong. ,dong
"jat, ka, n. the heel.",Khongdong
"ieng, v. to open by means of a lever, etc..",Khong
turvy.,topsy
SHI,KHONG
"shi, w.  pan leaves.",Kliong
khiaj,k hoit
ka borsha.,khorsha
"batri, kiha, n. the great, nobles.",Khraw
khrum.,ImiL khreh
ii khreisin,Khrei u n used with kmid in u ksuid
khriap.,khrew
"khria,",Khria
kJiria.,kseh ki long kiba rit khria
"khrik, ad. twinkling,",Khrik
khrik.l,khrik
ka tlieng.,Imit ka khrong
"khrum, ad. in a business",Khrum
"khrun, a. of good size said of fruits and tubers.",Khrun
"shikhru, ad. repeatedly",Khru
shikhru.,as  ki iakhih khrii
ka antor.,Imit ka khubor
beam in a house, a cross
"ksdid, v. to be entirely free from blame.",Khuid
"khuit, a.",Khiiit
holder,Kliulom u n a pen a pen
"sner, u, n. a quill pen.",Khulom
"ka jingit, ph to be stunted.",KhCim
khum ban, ki shu wan khum
kham kham,khum khum
"kpoh, v. incapable of deling active work owing to pregnancy.",Khiim
"pyrdet, v.",Khum
khum pyrdang.,khumpyrdet
"sknm,",Khum
uksiew child,khun
uhaj ar subject .,khim
"ki raiot, H, n. subjects.",Khim
"binong bishon, n. respectable or honourable persons.",Khiln
"khliengkpoh, n. a pet child.",Khun
child.,Khunksiew n a grand
khun kmie.,kur
"khunti, n. in",Khundir
khunjiap.,Imit khunlung
"ruid, n, a",Khim
cliikl,step
"soh syiem,",Khun
soh syiem.,long ki khnn khiin
khunmyllung.,khnnswet
"tamsneng, n. a disobedient child.",Khun
"thepmynsiem, n. a pet child.",Khun
"khur, u, n. the",Khur
Dkhar of these Hills.,of a certain clan jaid
"met u, n. the outer part of a bamboo or a cane.",Khur
khulain.,Imit khutia
khylliang.,khyllah
", to dislocate.", kliem
"patengfiiamra, ka, n. an infernal abyss, hell.",Khyndai
ka shyiap.,mit ka khyndew
khynsoit.,ImiL khyndiat
khynluug.,Imit khynnah
"rih,",Khynniuh
"ujumai, kaha,",Khynniuh
"piece, the cornice.",JKhyrnit ka n the mantel
KINO,KINO
khyrweh.,mit khynvaiii
"kiak, ad. titteriugly.",Kiak
ka um.,Imit ka kiad
"kurim, ka n. motherinlaw.",Kiaw
"ngap, ka, n. queenbee.",Kiaw
"berong,",Kie
"kiei, n. things, articles.",Kiei
"langtylli, plir. to be so much carried away by flattery as",Kiew
"kino, p. any.",Kino
KA STAr.,KJAP
"kir, ad. very tender.",Kir
hah., mit kit
"bru, ka,",Kit
"iapar, kaha, n. a very heavy load",Kit
bahjingbah.,mif kitjingkit
kitni., kitnong
"kitam, n. pi. things, furniture.",Ki tum
"ka star, ka, n.",iKjap
"sugi, ha n. suns ray.",Kjat
"sim, Taba, n. a disease of an arecanut which appears as small",Kjit
"kjong, ad. lightly as the frisking of a deer.",Kjng
"kjoin,  ad. aloft, high up.",Kjoin
"kJLiin, J",KjCiin
"klak, ad. chatteringly.",Klak
klak.,As ka briew kaba kren klak
KLEW,KLEW
SAN,KMIE
"klew,",Klew
itaiig,ioh
"lingling,",Kling
lingling .,um kling
"kliw,",Kliw
synfiia kliw kliw.,ki briew kiba iong
gourd.,Klong w w the heart a bottle
u skaw.,klong
"kli, ad. quickly, sharp.",Ki
"lan, ad. very quickly",Kloi
i ia,as  Nga tang shu ioh
lan.,buhrih ia ka wait kloi
n. joy.,a joyful rejoicing 
mother,Kmiekha kat n grand
"kikpa, ki n. parents.",Kmie
raT    gdmother mothers side.,Kmie
"nah, ka n. aunt mothers younger sister.",Kmie
"san, ka, n. aunt mothers elder sister.",Kmie
KMIR,KMIR
"kmir, ad. very",Kmir
trap,Knah ka n the cross stick in a bird
iia u briew,As ngaioh
"knep,",Knep
", ad. very wet clothes.",jhieh
"kniah, iaid, ad. like the gait of a welldressed damsel.",Kniah
ukpa.,Imit kfii
kndn.,Imit knieh
"u n. an old man fern,",a child 
"samthiah, v. to be drowsy sleepy to nod in sleep.",Kohnguh
bill.,Kohlyngkai w n the rhinoceros horn
kit,kit
san,kpa
"koit,",Koit
", ad. easily bent.",jem
"kuit, j",Kiiit
sop.,Imit kop
kr.,Kr
sla.,ka
"kot,",Kot
"sada, ka n. a blank paper.",Kot
"shini, ka,",Kot
"shonsia, ka n. blotting paper.",Kot
"thalyngka, ka, n. a squarekite.",Kot
"kha,",Kpa
"hep, w, n. grandfather mothers side.",Kpa
"nah, w, n, stepfather, uncle fathers younger brother.",Kpa
"san, w, n. uncle fathers",Kpa
BYTHER,KREN
ka phrah.,Imit ka kper
uksab.,mii u kpieng
"im, Ut n. dough.",Kpu
"rew, w, n. flour.",Kpu
", ad. down slip into a",Krak Hat
"kram, ",Kram
"krum, ",Krum
kram., hapoh pubon ki ong ka kylluid kram
"kreng,",Kreng
", ad. having big holes in a net work.",fiiar
kreng.,kane ka jaifi kaba fiiar kreng
kakroh.,ImU ka krem
khana.,Imit kren
"bein, v. to revile,",Kren
"krenkhoh.,",Imit krenbein
"beinblei,",Kren
"blei, v. to be a spokesman for some god",Kren
"blomblom,",Kren
"bokbok, v. to jabber.",Kren
"briew,",Kren
"bynfiiaw,",Kren
"byrtong, v. to speak as a sorcerer.",Kren
"byther, krenbther, v. to speak at random",Kren
KAI,KREN
SIAR,KREN
"ki, v. to chat,",Kren
"khnium,",Kren khnium
kren khniamkhniam.,khnium
"khraw,",Kren
kren,khraw
"khutia, v. to speak about unnecessary and trifling tbings.",Kren
kren kbylliang.,kren kbyllah
"kulmar, v. to speak as if one is in a confused state of",Kren
kren kulmit.,mif kren kulmar
"dathew,",Kren
"hangamei, v. to speak arrogantly.",Kren
"jakter,",Kren
"japnej,",Kren
"jler, v. to tell stories.",Kren
"lamwir,",Kren
kren lamtbam.,kren lamwir
"laplab, v. to speak witbout due deliberation, to overstate.",Kren
"lkbit,",Kren
"lyngkut, v. to speak bluntly.",Kren
"madan, v. to speak whatever comes before ones mind.",Kren
"nangang, v. to have a bad tongue.",Kren
nangang,kren
"nangbap,",kren
"pankwab, v. to speak as if one courts for an evil tbing.",Kren
"patbdr,",Kren
"sa, v. to speak sulkily.",Kren
"saidlab, v. to continue to press a point after",Kren
"salia, v. to tease.",Kren
saliakrensalait.,Imit kren
"satia, v. to vex, to annoy.",Kren
"siar, v. to backbite.",Kren
SIH,KREN
"sih, v. to use indecent language.",Kren
krentla.,Imit krensih
"tain tain, v. to rate, to chide.",Kren
"thala, v.",Kren
krenthalein.,krenthala
"thanmla, v. to",Kren
kren,thamula
"thawdur, v. to speak",Kren
kren,tliawdur
"tlilia, v. same as Jcrensatia.",Kren
krenthlait.,krenthlia
"thuhkhana, v. to carry",Kren
kren thuh khadeh.,thuh khana
"thurmur,",Kren
"waiwot,",Kren
"weibriew,",Kren
"wohnia,",Kren
"krep, im, ad.",Krep
krep.,fresh as u jhur u dang im krep
stone.,Kria v to sharpen a daw with a small piece of whet
ka shang.,ImU ka kriah
krik,Krik
"kring, ad. sparklingly",Kring
"krip, ad.",Krip
krij.,khfiiang u par krip
ka kram.,Jmit ka kroh
"krop,  jem ad.",Krop
shell,egg
"krup, ",Krup
land cultivation.,Krtid V to scrape the earth lightly for high
ka knab.,krung
"lbong, ka, n. the muscle of the thigh.",Ksang
kbia.,lmit ksam
"rumpei, phr. to win the case at home or when not",Ksan
"blei, ka, n.",Kseh
"ksheit,",Ksheit
ksheit,Yhiteas lieh ksheit
kait.,kum ka khoit
between., a go
ka dhah.,Imit ka ksing
"ngap, ka, n. a beehive.",Ksing
child,Ksiew n a grand
"ksiew, paraksiew, pyrsaksiew.",see khun
"tun, n. a child of a grandchild.",Ksiew
ukhrei.,Imit u ksuid
KTAK,KTAK
"ktak,",Ktak
Matc.,solipieiig ngi lali ban ioh ka rong kaba long ktak
shoi.,Iinit ktah
"kti,",Ktah
"ktar, a. muddy.",Ktar
dar,As ka ktieli kaba klrr
"kti, uha,",Kthang
"father,", n a grand
inlaw.,a father
inlaw.,Kthaw kurim u n a father
field., paddy
ka Iwer.,Imit ktieh
ka thylliej.,Irnit ka ktien
"ktuk, iong, ad. of a dark and dirty",Ktuk
ktuk.,uba iong ktuk
"ktur, ad. like a sulphurous glow",Ktur
ktnr.,as phyrnai ktiir
", v. to court a wrong or bad thing.",Kuah pan
REKUMNO,KUMNO
"kudim, a. very ancient.",Kudim
ka madar.,mit ka kular
kuhnit.,Imit kulmar
kulong., kulong
"rekumno,",Kumno
"kumne, kiba, n. persons of",Kurcto
ka kait.,Iniit ka kuna
kutin.,Imit knnai
ka sem.,ka kup
"kad, ka n. an",Kupar
"ka kmie,",kur
"u kmie, ki kurki kmie.",u kur
kupai.,Imit Kurim
"jingmut,",Kut
"lad,",Kut
kutok kutokkudim.,Imit kutok
"lieng,",Kylla
KABAMUT,KYLLA
KWAH,KYNDANG
"kabamut,",Kylla
kyrjaw.,Imit kyllain
"kyrjaw,",Kyllain
"mongor, ad. crosslegged.",Kyllain
"jainnep, phr. to bo destroyed or annihilated.",Kylla
"jutang,",Kylla
"lyngkot, u,",Kylla
"prah,",Kylla
thew.,pyr
"ktien,",Kylliang
kyrwa.,Imit kylluid
"ad, v. to become swollen as a boil.",Kyn
ka kynda.,Imit ka nar
"kwah, phr. a person who",Kyndang
KYNDONG,KYNDAH
IEB,KYN
"kyndong, a, n. creek and corner.",Kyndah
kynbiang.,Imit kyndiap
"bynriew, v. to regain consciousness, to come to oneself.",Kyndit
theway,out of
kynshrot.,kyndong
"jakpoh,",Kyndoi
ka kynnah.,Imit kyndon
fuls made like a bowl.,Kyndiip kan two palm
hanging.,a over
hdm.,Kynham v to give a warning by shouting hdm
hoi.,Kynhoi v to shout by saying hoi
"in, ka, n. the breadth of a cloth.",Ivyn
"ieb, ad. raised up as the lid or covering.",Ivyn
"ib, v. to crow.",Kyn
jk.,oijk
kynjik.,Imit kynjak
toe,tip
"khaskain, v. to perform a poojah ceremony before occupy",Kynjoh
", ad. up, aloft.",Kynjoifi jrong
"tabah,",Kynjri
"wahdong, u, n. a kind of earing.",Kynjri
"kti,",Kynjut
kyndit.,ImU kynmaw
BYNRIEW,KYNMAW
"bynriew,",Kynmaw
", ad.", jrong
"nut, J",Kyn
we., katdong kaba jroiig X
kynta.,kynnoh
"i, v. to hush, to lull a child.",Kyn
shoot,arrow
ili ia u masi ba u ieng kynreng. ,as  nga ioh
"shing,",Kynrong
ka,kynroh
"prie, v. to have nausea.",Kynroi
kynram.,Imit kynrum
"kynram, hi, n. things lying about in confusion.",Kynrum
kyndiap. ,kynshew
inlaw,brother
inlaw ,sister
"maram, w, n. the spirit",Eyntang
way or,high
ofdoors and,out
"lyngkor,",Kynta
share.,holds and directs the plough
"uiuhmat, a.",Kyntem
lasbes.,eye
khynnah.,Imt kynthei
kynjai.,kynthem
"jymbnin, v. to",Kynther
", ",Kynthrin
i ia u,as  nga ioh
"ad. entirely,",twice 
formed but small,Kyntiak a well
"kurim, v. to perform a marriage ceremony.",Kyntiew
"doh,",Kyntiew
"iing, v.",Kyntiew
iicg,kyntiew
sem.,kyntiew
kyntiaj.,kyntoit
"ka, n. a heap, a mound, earthen wall.",Kynton v to heave i
", ad. like a",Kyntop jrong
jaccefs ki,Blue
lieng ba phong i tupia iba kyntop.,long ki shipai
"tid, v. to sing, to hum",Kyn
"um,",Kyn
inlaw., n a brother
umu iing.,Imit u kyn
"ang, v. to crack.",Kyr
"ah,",Kyr
shaped,ring
snake.,rattle
"an, a. short but stout.",Kyr
kyrthing.,beit
kyrdoh.,kyrkhu
kyrda.,Imit kyrkieh
ground.,JKyrkit kat n a cricket play
kyrnah.,Imit kyrdan
OH,KYR
ka kyrnah.,Imit ka kyrdon
tylli.,ki deng kyrdot da ki siar
kyrtan.,Jm kyrduh
"eit, a. vain, foppish.",Kyr
kyrngang.,lmit kyrngah
pigeon.,Kyrngem ka n a fruit
"iah, v. to cut a fish horizontally at short intervals for",Kyr
"iap,  ad, standing like a diseased",Kyr
"iep, j",Kyr
kaw u ieng kyriap ha lyeit dieng ,khar
"iat,",Kyr
"iaw, a. seasoned, fullgrown.",Kyr
"ih, v. to turn round and round while in a sitting posture",Kyr
"oh, V, to carve in a concave shape, as the head of an",Kyr
string.,the bow
OT,KYR
"ot, a. stubborn, easily provoked.",Kyr
kyrpon.,Imii kyrpad
"sa, v. to undermine, esp. in",Kyr
"kyrbah, v. to call on the gods for the restoration of",Kyrsan
"rngiew, v. to call back ones good luck or life by invoking",Kyrsan
spirit who causes blindness to,Kyrtep w u an evil
round.,Kyrtiang v to turii
demon,ti n a wind
"lyndet, v. to reboimdj to react.",Kyrtoh
i ia u,as phi lah ban xoli
"tari, n. a handle of a knife",Dab
binder.,u n a daftri or book
ka,dak
dangsan.,Dangkhie a young growing Imit dangkhie
"ngir, ad. early in the morning.",Dang
leaf,pan
kadong,Imit ka dah
"dain, a. wide, spacious  as, ki la siang ka rynsan kaba daifi",Daiii
"dor,",Dain
"daikot, ka, n. a witch.",Daini
"doh, a. compact, thick.",Dait
"thah, a. very cold",Dait
like.,ice
"lei, phr. at any cost.",Da lei
"mar, fhr. used in contemptuous expressions or in challenging",Da
mar une u pran ia leh.,as  da
", as,  ym don shi dana ruh.",with shi
phulit.,danda
"hom ym, v. to be unsatiable.",Dap
"dar, adv. with quick light steps",Dar
dar.,as iaid dar
"jot, phr. to make a lame excuse.",Da rap
"lieng, ka, n. the trace of a boat in shallow water.",Diir
DENG,DENG
shoh.,dat
ka dong.,Imit ka daw
"daw eh, ad. toiigh",Daw
ddw.,as  ka doh ka la eh ddw
dashin.,dawai
fly.,honey
rat or mole.,n a kind of hill
Khasi.,Dkhar u n a non
nlyngkien.,Imit u dkhar
u dkhai.,mit u dkhot
western part of the,Dko n the people living in the north
"u Lyngngam,",Dko
dkia.,Imit Dkoh
"mynsiem,",Dkut
kup.,deng
"deng, ad. with ease",Deng
deng.,deng
"thana, a. having some relationship by",Dei
dei thakher.,thana
"den, ad. with firm steps of a child",Den
den.,as laid den
"der, ad. lightly, gaily walk",Der
der.,ki laid der
"phiang, u, n. grass dressed for",der
made.,Desi a country
NGAN,DIENG
"diangjat,",diangti
sapai.,diap ia ki sapiet
"spirited, disappointed",Diaw ad low
legged bird,Didiaw ka n a long
dik ban,as  u kwah dik
thied.,Imit die
"baibat, v. to sell for cash.",Die
"baitrai,",Die
"khutia,",Die
khutain.,Imtt die khutia
"duh, v. to sell away  to sell at a loss.",Die
duh diesep,Imit die
ka,dieng
"bilat, ka, n. the gumtree.",Dieng
wood,ka n a red
wood.,Diengkseh u n the pine
diengshdn.,Imit diengduh
"ngan, ka, n. a tree which is sometimes",Dieng
NGAI,DIENG
"ngai, ka, n. the irontree",Dieng
"wood, dried wood.",fire
"ieng, ka, n. a tree which is withered up.",Diengiap
"iei, ka, n. the name oi",Dieng
ee,ti
looking the Shillong station.,west of and over
shadowed,over
diengpiet.,Imit diengiei
dienglyngngiang.,Dienglyngngong
trees.,Diengmet ka w a term applied to all trees besides pine
"niangmat, ka, n, a shrub",Dieng
"bar, obstacle.",ti n a cross
"ri, ka, n. Bot. Queroua dealhata.",ieng
"rtiang, ka, n.",Dieng
treatment., one who forbears ill
dieng,dicngsliynrain
tree resembling lea,Diengsong ka n a prickly
"ia,",Diengsohli
tree.,n an orange
fruit tree.,zi n the jack
tree,apple
"am,",Diengsohpri
tree.,ti n the wild pear
"laka, j ",Die
"lang, ",Die
"lildm,",Die
ka bud.,limit ka dien
print.,Dienjat ka n foot
ka theh.,ImU ka ding
"tdn, ka n. willothe wisp, ignis fatuus, jackolantern.",Dingsuid
bam.,dih
dihdukhew.,Imit dihduma
"dob, ad. slowly and",Dob
dob.,sdang iaid dob
"dod,",Dod
dod mynta., ad tymmen dod
dod.,as  ka bniat ka la khih dod
ka,dong
dongT,phiang ruh u rah dong
tail,a wag
dait.,Imit doh
kakah.,doh
dohpnat.,Imit clohkha
"iap,",Doh
dohmreng.,Imit dohmrad
", ad. in a gentle flow of speech",kren
dohthdm.,mit dohthli
"doi, ad. as in a swing, to",Doi
doi,doi
doi.,as nga sngew doi
dn,dn
"don, ad. firmly",Don
don.,iaid don
"akr, a. wellbehaved",Don
donsor.,mif donbor
donsurom.,hnit donburom
donjam.,donkam
"iktiar, a. having authority.",Don
donrem.J,Imit donrain
"kait, ka, n. the bark of a plantain tree.",Dop
nut tree.,Dopwai ka n the outercrust or cover of an areca
ka mur.,mit ka dor
ka sorbar.,n ka dorbar
ka dorpat.,i ka dorkhat
Inspector,Sub
keeper.,it n a door
pliirat.,uiit duai
dupat.,Imit duwan
ka,SImit duar
suk or ka dukka pap.,Imit duk
keeper.,i a shop
dukhait.,Jmit dukbi
"tan, or, duhsep.",Imii dub
"a sufiix which means entirely, once for all, as in the",Dub
"flz, iiiQduh, shduh.",iap
"buit, V. to be perplexed",Dub
"ei,",Duh
players.,Dubalia ki n funeral flute
hoi.,t a cheer by saying hoi
cowries in gambling.,Dui n two
"dui, . to and fro, up",Dui
dui.,khih dui
house,brick
"ka paki,",dulan
u maswa.,Imit u diim
dukhew.,mit duma
"dngiem, v. to be at a loss coloq.",Dum
kamok.,lmit dumok
"diin, ad. with firm steps like the walking of a hen.",Dun
ka dar.,mit ka dur
"p, ka, n. a kind of gambling.",Duri
"lanot, int. good gracious",Dur
u dandia.,Imit u dusmon
phirat.,mit duwai
ka dupat.,Imit ka duwan
KOR,EIT
"bound,",in a stupified state spell
"eng, a, sound and healthy",Eng
eng u shu iap ,eng
"eh, a. exceedingly hard or stiff, very tedious.",Eh
he, e
"ei kaei, iei pron. who  what ",Ei  contr u
"ei, n. something, anything.",Ei
"eiruhem, phr. nothing at all.",Ei
ka ksem.,Imit ka eit
"kor, ka, n. earwax.",Eit
DANG,Eir
"dang, kaha n. hard evacuations or faeces.",Eit
"masi, ka, n. cowdung.",Eit
"mat, ka, n. eyepus. Imit. eifcmateitmut.",Eit
pus. Tmit. eitmuteitmat.,Eitmut ka n nose
"nar, ka, n. slag of an ironfurnace.",Eit
"ba, a. welltodo.",fem badon
"ja, V. to remain without taking food. Imit. enjaenjhur.",fen
"r, ad. in full blaze",fer
r.,as  ka ding ka dang meh r
"kyllang, ka,",er
iongerngit.,Imit er
"langthari, ka, n. a whirl wind.",er
NGAW,NGAW
"ngang,",Ngang
ngang,kumno kumno ruli u shu bat nang
ngang.,uba skhem ngang
"ngah, a. as tender as a new born babe",Ngah
ngah.,ngah
ufiai u nong,ngai
"ngai,",Ngai
"ntaiigitngit,",Ngai
ngaingitngit,ngai
"re,",kumno
", ad. very black",Ngain iong
"ngain, ad. very dark",Kgain
"ngam du,", dang dum nain
"um,",Ngam
ordeal,v to decide by water
"ngap dang, ad. very early in the morning.",Ngap
"tem,",Ngap
"bee, a honeybee.",u n a hive
"tung, Uj n. a drone.",Ngap
"wieh,",Ngap
ground., n a small bee that lives under
"ngar, ad. lively, green",Isgar
ngar.,im ngaf
"ngaw iong, ad. very black like charcoal.",Ngaw
NGOI,NGOI
"ngeng,",Ngeng
igeng.,ka khia ngeng
"biet, v. to be",Ngeit
", v. to do wrong secretly, see bamngem.",Ngem bam
"bndi, kaba, n. waning of the moon.",Ngen
"ngp, ad. with dishevelled hair",Ngep
ngep u bamja.,as  tang shu khie ngep
"nger, ad. indistinctly",Nger
i kumba,ioh
nyer.,u briew nge
"nget, ad. partially and faintly as",Nget
i kein ngetnget ia ka rel.,as  nga ioh
"ngiah, a. very tender or young,",Ngiah
ngiah ia lade.,ngiah
"ngah ngah, a. belonging",Ngih ngih
"lalu, ka, n. a species of large black bear.",ngiem
"ngaifi ngain, ad. dark and cloudy.",Ngifi ngin
"ngir, ad. very",Ngir
ngir.,dang ngir
"ngoi, ad. languidly, weakly",Kgoi
REHAEI,HAEI
ngak ad. suddenly,Nguk
ngak u,as  tang shu iakynduh vguh
dem.,Imit nguh
"shnong,",Nguhlet
"ngur, ad. in the",Ngur
ngur,la sdang miet ngur
"ngut dang,",Ngut
"ngutngetnget,",Ngut
i ngufngiitngetngef.,briew ne u mrad namar nga shu ioh
"badei, ad. sometimes, now and then.",Habadei
"nahak, ad. uselessly, without any cause.",Hak
habiid.,Imit hadien
"haei, ad. anywhere.",Haei
"rehaei, ad. somewhere.",Haei
"hangno, ad. anywhere.",Hangno
hangthie.,far but in sight Imit hangtai
tai ad. there very far but in sight.,Hangtai
"bai, ad. lavishly, extravagantly,",Hai
"hain, ad. very red",Hain
"xahai, ad slowly.",Hai
"katta, cotij.",Hajar
np,Hajot ka n a lock
"halai, ad. by and by",Halai
halai u sa ieit.,bha ia nga hynrei ynda halai
synnia,as u wan hamar shiteng
"hapoh, ad. secretly",Hapoh
shop,Hap
bullocks,Hdr ka n condition a pair generally said of plough
"har, ad. breezy",Har
har,er har
"kari, ka, w. handcuffs.",Hat
"hateng, ad. now and then,",Hateng
hateng,as  u wan kai hateng
hakhat.,mii hateng
"haar, ai. elsewhere",Hawei
ar kim khot basa,as  ban te
"haw, ad. clamorously,",Haw
"he, ad. pantingly",He
"hek, ad. very",Hek
"heug, ad, with a stentorian sound",Heng
heng.,kaba sngew ieng
izY.,kumta
"hem, ad. very red.",Hem
"hen, ad. like",Hen
"hep kpoh, ka",Hep
i ia u.,shepting her ha ngaioh
"iapher im, v. to run for life.",Hr
"her, ad. strongly bad smell",Her
her Jem herher nep kerher.,iwtung her
"mynsiem,",Her
"syrngiew, v. to be at ones wits end.",Hr
"iadep, ka, n. a flake.",Hiar
"hiaw, ad. weakly, softly",Hiaw
"i, ad. yes",Hih
"sima,",hima
"hip, ka n. the end of the ribs.",Hip
"hir, ad. longingly, exceedingly",Hir
hir. ,nad hir
"oid, Hooid,",Hoid  yes also written Ha
"hn, ad. like flour which",Hn
hon., kane ka jingkhleh ka la um eh hon
"hor,",Hor
hor,hor
hordang.,Imit Horkit
hud., kane ka shu bha skt
"huQihamham, ad. noisily talking.",Hum
"hura, n. confusion, row.",Huri
"hur, ad. very,",Hur
ripe fruit.,soft like an over
", v. to indulge",ai
hynthdi.,Hyndai
hynbew.,Imit Hynmen
"skum, ki, n. the",Hynfiiew
ki,skum
"uhndi, an eclipse of the moon.",ham hynroh
JINGMUT,lADEI
"rit, Jtyllai.",diminution as Jwait
"sih to abhor,",look as z
i.,as in the word ioh
iasap.,lmit labuit
"maw, v. to cause a split in",lakad
kdd,lakad maw
"jutang,",lakM
ia majia.,lakajia
"khar, ka,",iad
pudka.,n same as iad
"deiman,",ladeikha
"kur,",ladei
side,v to have relationship on the mother
"jingdei, v. to have some relationship,",ladei
"jingmut, v.",ladei
rlIAR,lAD
PAWANG,lAID
"hiar, ka, n. undistillecl liquor which",iad
"pudka, ka, n. distilled liquor",iad
"rod, ka, n. strong liquor.",iad
"snem,",iadtang
"thnam, ka n. a very strong country",iad
"um, ka, n. undistilled liquor taken from a jar beer.",iad
ei,la
"eiiaei, phr.",la
"eireiaei, phr.",la
ieng.,Imit iaid
iengkai.,kai
"kaieng, ka, n. manner",laid
"kaikai, v. to walk by",laid
"kankan,",laid
"kenken,",laid
"kh nip khnip,",laid
"kjik kjik,",laid
"kynthew,",laid
"kynthih,",lAid
"kyrbeit,",Idid
"dar dar, v. to have a brisk walk.",Idid
"nengngenf, v. to walk as one who is intoxicated.",Iaid
"iorior,",Jaid
"laitlan, v. to",laid
"lyngngeh,",laid
"pawang, v, to swagger.",Idid
SHANSHAN,lAID
"shanshaii,",Idid
"shenshen,",Iid
"suda,",Iid
"thnet thnet,",laid
"tnettnet,",laid
"ieh noh,",la
iariew.,Imit ialap
iapah.,ialuli
iania.,iamal
"hriew,",lam
im.,Imit iap
wah.,zV
"antr,",lap
angiapler.,lap
ialuh.,Imit lapah
biejiap them.,Imit iap
LASIR,lAR
duhiaptan.,Imit iap
iapshoin.,Imit iapngiah
"iap, ad. thin and light cloth.",lap
ieng.,lap
"iong, V. to be attacked with mildew,",lap
dzdr.,n kdld
"jyllop,",lap
"op, V. to die of suffocation.",lap
"pongding, v. to die",lap
iappongruh.,pongding
"shiliang, ka, n. palsy.",lap
snap,lap
"snem,",lap
"thai,",lap
"them, ka",lap
"thngan, v. to die of starvation.",lap
iapjingit.,iapthngan
"tram,",lap
"tyrsaw,",lap
tyrsawiaptyr,iap
"tyrut,",lap
utiapsmer.,Imit iaptyr
dieng,sla
"kdait, n. a small species of fowl.",iar
"khiar, ka, n. a bamboo partridge.",iar
"kradlynti, w, n. a cock which",iar
"lasir, n. a kind of cock or hen with",iar
IAR,lARLY
MARIAP,lASUH
"iar, ad.",larly
lyiar nalor ka riat.,as  u la hap iar
"mangkalai, w, n. a longlegged",iar
"nut, lime, tobacco, etc.",betel
ka iadep.,Imit ka iarong
"padat, u n. a cock which is",iar
"ryngkuh, u n. a cock.",iar
iama.,mit iasang
"lah,",lasid
iapiet.,Imit iasm
"iasham, v, to have dealing in money matters,",lashah
lender and a borrower.,a money
iadat.,Imit lashoh
"dohkha, v. to poison fish in a",lashoh
"shonshiw,",lasiat
iatap.,Imit iasong
"mariap, phr. to make the last",lasuh
IASHUR,IASUT
"iashor, v. to confirm an",lasuit
iasloh.,Imit iasum
"ktien, phr.",lateh
"ktien,",latem
iatar.,iathoh
iathuhkhadeh.,khana
iatlep.j,iatla
"up, ripe",ydw a grown
"tymmen, ka, n. the grand primitive ancestress of a clan.",lawbei
"khynraw, ka n. the",lawbei
"paw shnong ka, n. the grave",law
jMio dwells,the top of a hill where ka laiv
ikhoh.,ibein
imiat.,ibha
looking.,Ibiang a decent
anna.,Imlt ibieti
"riew,",Ibyn
ka,Irnit ka id
iaid.,lihit ieng
nohsansJi,ieh
thoin. Same as iej.,mit ieit
ka hat.,Imit ka ievv
azar.,lewdah ka n the Shillong Bara
"lurilura, ka n. the market of the beasts in Kliasi folklore,",lew
"lyngstieh, ka n.",lew
Bazar.,formerly held at night the day before the Shillong Bara
"Mawkhar, ka, n. the Mawkhar Bazar.",lew
"Mawlong, ka, n. the Municipal market",lew
day.,of a Khasi week
"Musiang, ka, n. the Jowai Sat.",lew
"Shillong, ka, n. the Laitlyngkot Sat.",lew
BRIEW,IING
"briew, lingkibriew,",ling
briew.,nga um pat leit iing
"bah, u, n. a species of ginger.",ing
"basa, ka n. a temporary",ling
basa,iing
"kashari, ka, n. Cutchery",fling
house., coiirt
ingkbait.,ingkhong
"kirja, ka, n. a chapel a church.",fing
"dara, ka,",ling
"ding, v. to get burnt with fire.",Ing
"dong, ka, n. the back.",iug
"jain, ka, n. a tent.",ling
"mane, ka, n. a temple",ling
"makhir, u, n, a species of small ginger having a more pungent",ing
"paki, ka, n. a house with stonewalls and ceiling of concrete",fling
pakiiingdulan.,Imit ling
"sad, ka, n. the",liug
sadiingsunon.,Imii ling
"sawdong, ka, n.",ling
"house,",Khasi
"seng, ka, n. the house where all the members of",ling
"thap, V. to be slightly scorched by a flame, to singe.",Ing
"trep, ka, n. a temporary hut or",ling
"tyrkhong, w, n.",ing
ingtyrkhap.,tyrkhong
"rod, a. not properly ripe.",Ih
ka singmana.,ImiL ka ilaka
imut.,Imit imat
"peit peit, ad. when",Im im
peit peit mjnsngi bah iia,as  u sha pyniap ia ka blang im im
"jingmut, v. to set ones heart upon, to be",Im
nongimni.,Imit im
"sngi, V. to have adequate daily wages",Iin
"ino, pron. whoever, whichever.",Ino
"ngit,",long
ngitiong,Imit iong
"rein, a. dusk, evening.",long
"umreit, a. beautifully dark of complexion.",long
dongiohlad.,Mit ioh
"diang,",loh
diangiohbat.J,Tmit ioli
"ei,",loh
"i,",loli
"mon, v. to get to do ones own will.",loh
"nong,",loh
iohni.,iohnong
"sa,",loh
sa could not be helped nga shu shimkein.,namar bym ioh
iohdem.,Imit iohthiah
"iop,",lop
"ior,",lor
", v. with slow and weak steps",iaid
ior knm uba pang,phi iad ior
iphar.,Imit ipher
iphieng.,Imit iphuh
iaspiring,Iphieng a awe
looking, grand
lids.,Irmat n pi eye
"shiir, ad. incessantly,",Ir
shiir,ki Jap ki ialeh ir
ijew.,Imit isat
MEr,ISAIT
"met, a. appearing loathsome.",Isait
"iap, kaba, n. wraith.",Isna
"ei,",Isyn
"top,",luh
"iunianiln,",Iim
w iuniunidnidn bam, Tii iiqq
"bih,",Iw
iwthiang.,Imit iwbih
iw,Imit iwkhong
iwa.J,iwit
LNGAW,IW
"lngiiw,",Iw
house.,unoccupied
iwhoit.,Imit iwli
"riem,",Iw
"sieng, v.",Iw
"sit, V. to have a smell of urine.",Iw
"sma,",Iw
"tung, V. to have a",Iw
iwsat.,iwtung
ka jhur,mit ka ja
like.,a dumb
ka puta.,Imit ka jaka
"jaka,",Jaka
jaka ha ki lum Khasi.,long jaka
"rap, u,",Jakhait
jakhlait.,Imit jakhlia
aidyir.,as  u briew uba kren bu
jathang.,Imit jangew
"lngaid,",Jah
ka kynja,Imit kajaid
ka nep.,Jaiil ka n cloth clothes mit ka jain
jainkhriam.,jaifikhor
"jainsem, ka, n. garment, clothes",Jdinkup
"iarong, ka, n. a network cloth.",Jain
"jain, ad. in pieces, pierced into many holes, as,",Jain
sheet or cloak.,Jianjri ka n a waterproof
"mormor, ka, n. a thin cotton",Jaiii
"pun,",Jain
"pun,",Jing
"pun,",Jym
"ryndia, ka, n. the eH cloth.",Jdin
"hon, ka, n. a cloth made of sunhemp thread or",Jaifisai
"slieng, ka, n,",Jaiu
"sop, ka, n. a swaddling cloth.",Jin
sopjainspaia.J,Imit jin
"jaisngi,",Imit jaipdeh
jaisngi.,Imit jaituh
jathngan.,Imit jajah
"nice, particular, dandyish.",Jalani a fastidious over
riha plant.,Jalatyrsim ka n a kind of Bon
"jaMit, ad",Jalia
jaldit katbaioh.,jalia
"jaum, a. kind, gentle, pleasant.",Jali
PRAN,JAN
koopkoop.,ti n a bird so called from its cry of koop
"eit, n. a smallsong bird of a green colour.",Jaly
uih kum ka shalyntem.,jaly
kieh.,Imit jam
"iang, w, n. a plant that bears a",Jami
"pran, ad. very",Jln
pran. ,Mut ki isiieit J dn
ball,cooked rice
"japhret,",Japhrut
"shod way,",slip
"a, w. a frog",Japieh A
work of bamboo, Japri ha n a net
jir jir.,r jar
day meal,Jasngi ka n mid
weed.,Jasieh w w a kind of water
jatap.,jasong
kmie,Mat
jer,jer
"kmie, ka, n. the big",jat
"diih, ka, n.",jat
"jatrnat,",Jatmut
jatmat,kihn jatmut
"dtid, V. to slaver, to drivel.",Jaw
"jaw, ad. in",Jw
jaw,iaid jaw
ummat.,Jaw
ummatjawumniit.,v to shed tears Innt jdw
"jawet, ad. perfanctorily, carelessly,",Jawac
faioet,as utveijawut
"jei, ad. soft and coming off easily,",Jei
y.,la pyutyj
tiiid.J,Imit jem
"nud, a. gentle, soft hearted,",Jem
jemhin.,mit jemnud
"rngiew, v. to be deprived of the essential of",Jem
"jer, ad, like a jelly.",Jer
sat.,Imit jew
ba rwang.,Imit ba jngai
"jngain, ad. very",Jngaiil
"jngum, a. violetlike.",Jngum
"waifc,",Jhab
"jhang, ad. very loud or clear,",Jhang
"birth, placenta.",Jhep ka n the after
"jhap, ad. simultaneously,",Jhup
u jhep.,nif jhur
"jiap,",Jiap
fiaj.,i syiar iba dang Inngjiaj
"jak jak kynjah, ad. very lonely or dismal.",Jik jik
"shiah, v. to be overparticular or strict.",Jied
"ei,",Ji
"u lasam, u, n. an",Jingbib
spirit who,evil
"jingsat, ka, n. f urnitme.",Jingbuh
"arsien, ka, n. regeneration.",Jingkha
"iit, ka, n. a glazed window.",Jingkhang
jingdiah.,jingkhein
"ngia, ",Ji
jingbah.,Imit jingkit
"ngeitbiej, ka, n. superstition.",Jing
"iapait, ka, n.",Jing
"lem, ka, n. conscience.",Jingiatip
"it, kat n. a strip of cloth for fastening a baby",Jing
"luid, ka, n. freedom",Jinglait
"mynsiem, ka, n. inspiration",Jingpyrsat
jingdiip.,jingri
jingbeit.,jingriam
jingpah.,lmit jingriam
jingber.,Imlt jingtah
JIWJAWJAW,JIW
"kliarit,",Jilla
mynne ngam,iohyi  hali yw haduh mynta
jingkup.,Imit jingdeng
jintan.,jinduh
jintrah.,Imit jinjar
"trah, a. cumbersome",Jinjar
jinber.,Imit jintah
"eh, v. to feel nausea, to eructate.",Jir
"jirwat, ad. in a round about way, not satisfactorily.",Jirwit
"jiwjawjaw, a. drizling, wet.",Jiw
ka,Imit ka nia
"nguid, a. greedy, gluttonous.",Jlaw
jlawhew.,Imif jlawnguid
"dohnud,",Jlep
", ad. in a long continued tone",Jltid sawa
um., u mihjmong ha sla
s hi, ka um ka jmw joJ
JUM,JUM
ba pei.,Imit ba jot
"thied, v. to suffer from a sprain.",Jrai
"jrain, ad. with a crashing sound, like",Jrain
"jrain shapoh,",as  u shu noh jrain
jram da ki sulci.,jrain
"um,",Jran
"sim, ka, n. a Banian tree.",Jri
"jrap, ad. at the",Jrup
"bata, ka, n. a tide.",fJuar
", ad. evasively, shufflingly",Juklia leh
scented rice., a kind of sweet
"jum, ad. full of juice",Jum
"junom,",Junom
"lajuiioiD, j",Junom
pains.,Jut suh n false
mark,Jwar ka n a birth
kite.,side of the balance thread of a paper
jylloit.,Imit jylliam
lids,Jylliep ad with drooping eye
looking, shy
"ngain, ad. with the eyes cast down",Jylliep khap
khapngain kum ka dkoh.,bad ka peit jylliep
ad. by drowning.,Jyllop V to wither 
JYRWAT,JYRWIT
ukyrpad.,n a household deity see u phan
jyntan.,Iniit jynduh
"plant,",It n a creeping
u jyrthah.,jjiit u jyrmi
"jyrham,",Imit jyrhoh
"jyrwat, ad. unwillingly, not in a straightforward manner.",Jyrwit
"bambriew, n. a maneater,",la
ka putit.,Imit ka lak
phyr,as La dang step
pateng lang, ngi ia khaii
"lung, m, n. tender or newlygrown grass.",lang
grown hegoat.,it n a full
wax.,Lalia ka n lac sealing
"nili, ka n.",lai
"jaid, plir.",Laiphew
ka let.,hmt ka lait
"ksnid, v. to be entirely free from any disagreeable connection,",Lait
"spirits,",as from the grip of evil
"dar,",Lait
"doh,",Lait
"ia,",Lait
"im,",Lait
"luid,",Lait
"saisaid,",Lait
saisdid ba,as latl
"thaw,",Lait
"ia,",danger
breadth escape.,a hair
kangar.,Imt lalot
lamkah.,Imit lamdoh
lamphut.,lnit lamhr
lambait.,Imit lamler
lamtham.,Iviit lamwir
", ad. without any restraint",Laniaid
dei.,phi ym i
"lnkhuid, ad. clearly swept",Lkn
lan.,jaka ba dem ka dngiem ka khuid lan
"lano, ad. in future, hereafter",Lano
lanym,Imit lanymwei
"iat, ka, n. a tree bearing small black fruits, a seesaw.",Lapa
"bah, u, n. a heavy rain.",lap
lapsan.,Imit lapbah
"bnivipbniup,",lap
"kyrtiah, u, n. rain and storm.",lap
", ad. with plenty of leaves but without grain or fruit.",lapehsei
lapcUr.,Imit laplieng
lapiong.J,Irnit lapmiet
hand,right
larjam.,Iniit larkam
"en, w, n. a fabulous monster",Lar
oil plant.,Laryndia ka n castor
morrow.,Lashai ad to
"lashisngi, ad. hereafter",Lashai
morrow.,Lashisngi n the day after to
night.,Lasiit ad to
roller.,Latai ka n Hind a thread
"lat, ka, n. a rapid, a current.",Lat
top.,Latom ka n a top spinning top peg
"tyrdop, ka, n.",la
"bah, Tea, n.",law
lathai or laweilaar.,limit lawei
"law, ad.",Law
law eh.,briew uba law
", ad. fleshy and big",Lbingheh
"lker, ad. pulpily,",Lker
lker.,as  u khynnah uba sugaid lker
ki lkhai.,ki Ikhit
"pom,",Lko
"lkur, ad. dumplinglike",Lkur
lkui.,Ikur
badur, ka kylla
", ad. lying with a swollen abdomen",Ijdingat
leng ,leng
lengr,a poisoned fish as  ka jngi leng
"iew, ka,",leng
"ra, ka n. an Qgg left unhatched by a hen.",leng
treat.,i to maltreat to ill
lehkhoh.,Imit lehbein
"eh, v. to handle roughly, to deal hard with.",Leh
"jalani,",Leh
"mushlia,",Leh
"ei, a. vain, useless",Lehnoh
ei ban,lehnoh
"palat,",Leh
lehpaliang.,ImiL lehpalat
lehsuin.,ImiL lehrain
lehmeng. ,lehroh
lehrup.,lehrong
lehma.,ImiL lehsang
LEITMAN,LEITKHA
lelijew.,Imit lehsat
"tamsa,",Leh
lehtamhoi.,lehtamsa
"thamula, v. to make spDrt of",Leh
thamulalehthamulein.,leh
"thawlir,",Leh
"thawnang, j",Leh
"lei, phr., .",Lei
lei ban,lei
lei ngan ym haram ia phi ,as  da lei
lez.,as  u la dumok ia nga khlem lei
"leikharai, ka,",Leikhyrdop
"muluk, ka, n. the goddess who takes care of a village or state.",Lei
"leisunon, ka,",Leisad
"bar,",Leit
"bhih,",Leit
"kai,",Leit
"kawan, ka, n. journey, travel,",Leit
"leitman, v. to get married said of a man,",Leitkha
LIT,LEW
leitmynsliem.,leitkhyndew
"dur,",Leit
leitdar.,ImiL leitdur
"hapsbop,",Leit
"ingbriew, phr. to get married",Leit
"lamdob, An",T eit
leitlamkab.,Iiit leitlamdob
"lat,",Leit
"umtong, ka, n. tbe goddess who looks after drinking water.",lei
lem,Lem  together along with as leit
"lum,",as Vw
"len,",Len
len u maw.,nangno haba khiiid len
V ban del, la shu lait
"kyllang, ka n, a cyclone.",Ler
"kyrtiah, ka, n. a storm mixed with rain.",Ler
"langthari, ka, n. the whirlwind.",Ler
"synrai, ka, n. a soft breeze which blows in autumn,",Ler
"lew, ad. while it is hot of eatables or temper.",Lew
lit,Lew
", ad. completely, all over",Lhin hiu
lhrn., ka um ka dap hin
"khun, a. having children one after another in",Lian
"liap,",Liap
m ia ka,as ka miaw ka jliahm
"kait, ka, n. the topmost plantain leaf.",liar
"ngot, a. broken, as a young bamboo hence stunted, short.",Liar
KHUN,LIAT
"khim, v. to have a miscarriage.",Liat
"lor, to slip off, to have an abortion.",Liat
ka phan.,nit ka lieng
"out, a canoe.",Liengkynda ka n a boat a dug
ofwar.,Liengiapom ka n a man
"khleiii, a. white, like porcelain.",Lieh
", ad. like many people walking",iaid
"ling,",Ling
ling ho.,ia wan ling
lin,Lin
lin.,kaba jiih lin
"pr, n. a kind of small fish.",Ii
"lir, ad. creepingly of small things as,",Lir
lir.,lir
MANSHUWA,LONGSHUWA
lawlaw,Liwliw
lawlaw.,ynda la koit na kaba pang ju thngan liwliw
"lmam,",Lmam
"lmem,",Lmem
"lmum, ",Lmum
"lraeh,",Lmeh
lmeh hi.,i Imeli
"lmet,",Lmet
lmet.,briew uba stem bhabriew lmet
"lmit, ad. yellowish,",Lmit
lmit.,plaint as ki briew kilja don khlab ki stem lmit
tailed., bob
ujor.,zit u lok
glovo.,is exist become ti n a fox
ng,Lng
long ,ynda mudui ki Ijriew un sa khih long
"manshuwa, w, n. ancestor  predecessor.",Longshuwa
"loi, a. milcl, softhearted, innocent.",Loi
"lo, a. superficial, shallowminded.",Lo
", ad. nicely or beautifully round.",Loiii pyllon
bearing.,Lorni a meddlesome tale
i ba ki wah Isheng ia ka Ibong masi.,as  nga ioh
wah .,phin shem ki maw kiba jrong ltoin ha rud
luab,Luab
luah .,ka jem luah
"ding, ka, n. a furnace.",Luar
"ulak, Uf n. common people.",Luk
"lnnglengIeng,",Lung
lengleng ia ka kot jong phi .,lung
"lui, a. innocent, harmless.",Lui
"blank,",ad point
"Mangkashang, n. the Himalayas.",Lum
"to woo, to court.",ia
"dihduma, ,",lur
lura,Luri
", ka, n. the market of beasts connected with",ka lew
lore.,the history of the dog in Khasi folk
"mangkara, u, n, the brightest star.",lur
"miet,",lur
"shai, u, n. the morning star.",lur
"phut, a. squandering",Lut
"a, a. hot, uncomfortable, uneasy",Lyng
apisa.,Imit lyng
"ngang, ad. lonely,",Ly
ngang ha,shong tang marwei ly
"n,",Lyng
dnP,kot hjng
pakhiih,lyngkhuh
ei kiei.,ki
aid u thiah lyngkrang ha siirok.,Lyngkreng J bn
"u Lyngdan, a statesman.",u Pyngrem
tribe in the northwest of,hill
lyngngain.,zo
KHOHWAH,LYNGHOH
"khohwah, ka, n.",Lynghoh
"ngiar, v. to be late.",Ly
"ien, ad. halfreclining, like the walking of a big man with",Lyng
ants.,Lyngrah w n white
"lyngram, ad, carelessly or in such a way as",Lyngrum
lyngram ia ki dieng.,the passage as  ki shu huh lyngrum
"iih,",Lyng
"uiu, ka n. the circumference.",Lyng
"ur,",Lyng
ur.,kaba pyllun lyng
"tait,",Lymbher
tait.,kiei kiei lintbho
"lymum, ad. fat, corpulent",Lymum
lymum. ,lymum
KHLIEH,LYNTI
pyllup.,Imit Lyndang
"headed, bald.",a bare
lympat.,Imit lynfiiar
", u, n. a young bull or ox.",si
"lynram, ka, n. things lying disorderly.",Lynruh
"lynrah, ka n. rubbish, a debris.",Lynrum
ka thaboh.,Imit ka lyntang
"tait,  ad.",Lynter
"tuid, j",Lynter
pakajuh, ban shu iai leh ia kajuh
"tait kam long kaba itynnad, careless.",lynter
syngkieng,lynti
"bah, ka, n. a main path.",Lynti
bah lyntisan.,Imit lynti
"khasi, ka, n, a footpath",Lynti
cut., a short
"khlieh, ka, n. the parting of the hair.",Lynti
plate rests in,a wall
rubber for holding liquor.,India
jad. like water in a pool.,m a wild bee
"ding, ka n, a furnace.",Lwar
"lwat, ad. turning round and round",Lwat
lwat.,u laid lwat
"bah,",Ma
"mak, ad. harshly,",Mak
mak,as kren mak
"mata, adv. roughly,",Madei
mata tang ban,shu leh madei
NGA,MA
"nga, Pers. Pron.",Ma
", u, n. the Himalayas.",Mangkashang u lum
driver.,Mahut n an elephant
"nia, mai",mai
"ian,",Ma
maiot,maian
"saian,", maian
"main rupa, ka, n. earnings sufficient",Mainksiar
maitait,Imit maitang
"maian, ad. faintly",Maiun
maian,as  nga shu kynmaw maiun
KTI,MAR
nut, a cocoa
"khlieh, ka, n. a skull.",Maloi
kaman.,Imit ka tup
"man,. obstinately,",Man
mdn haba,mdn
", u, n. a kind of",fManik mdw
"mano, . whoever, anyone.",Mano
"remano, . somebody",Mano
ka mata.,Imit ka mar
"mar, ad. at once",Mar
marbud,Marbiid
i phi ia iaid marbudmarhud bad U Saheb bishar.,ioh
"kti, ad. hand to hand,",Mar
IAR,MAT
marpa.,close near lmt marjan
"mlien,",Mar
"marte, ad. there and", Marte
dor,la iakut
marte ia ka mar.,phi dei ban shim noh marte
"bordi,",Masi
"khar,",Masi
"khynna,",Masi
"kyrtong, u, n. a bull.",Masi
"lynraw, n. young bulls esp. for trading purposes.",Masi
"prut, n. a mithan Zool. Bos frontalis.",Masi
"pyllait rong, u, n. a bull that",Masi
a thin sheet of gold or silver,with
"tamroug, u, n. a term applied to a",Masi
pyllaitrong  after, masi
ryngkang.,Imit mastieh
ka pung.,Imit ka mat
"blang, ka,",mat
"dong, ka, n. the corner of the eye.",mat
"iar, kaha,",mat
IONG,MAT
"iong, ka n, the iris.",mat
"lieh, ka,",mat
"matjat, ki, u. the joints of the fingers and toes, the hands",Matti
n dieng.,Imit u mdw
mawskn,mi mawbah
hand side.,the extreme left
hand side is called  u mawksing.,the extreme right
"iap, w, n. sandstone",Maw
eedp.,pronounced mdw
"jabieng, w, n. the head or middle stone in an arch",Maw
mwteh.,Imit mawlong
ore.,Mdwpyrsut u n iron
RAMSONG,MAW
MfeR,MfeR
"ramsong, u, n.",Maw
maw,Hit mdwramsong
stone.,Mawshamok u n a flint
"wait,",Mawshut
pencil.,u n a slate
"hep,",Mei
humia ka mei,Mei
"mem said, ad, lukewarm water.",Mem
"kjat, ka, n. the front part of the sole.",Men
"kti, ka, n. the upper portion of the palm.",Men
"suhsyntiew, ka, n. an old woman given to matchmaking,",men
"mer, ad. very yellow",Mer
kapliat.,Imit ka met
"iw, a. of mature age from  to  years of age.",Met
"sawdoh, a.",Met
"wa, u, n. a tomcat which roams about.",Miaw
ador.,Imit minot
built, ad robust well
"forward, careless in demeanour.",Mler a over
balls covered with gold.,smooth lac
"moi, ka n. the temples.",Moi
cloth.,Momjama ka n a wax
"mom jem, ad, very",Mom
"mot, a. easily broken tender.",Mot
eh ,as  balei phi ap mrong kumne ia u kumba u pang
"mak, ml. quickly and roughly,",Muk
"kyndor, ka n. a kind of earpendant.",tMukor
phirat.,Imit mud ui
lore.,u n an executioner in folk
out and,Mulot ka n a worn
"mur, stem, ad. very yellow, like a wellripened fruit.",Mur
ka,dan
"ngicR, V. to hallucinate, to have a presentiment.",Mut
necked., obstinate  stiff
"hynnin, myni, mwtan,",Mw
tuha,it also sometimes denotes a doer as u myw
"aria, ad. some time ago.",Myn
mynbajah.,Imit mynbarim
packed,well
iu phi song myndong kamne,j  a
mynhyn,mynbyndAi
kites.,glass and paste used in flying paper
like gold cases.,cent
"iur, ad. in summer, in the rainy",Mynli
myniong.,Imit mynmiet
"mynno, ad. formerly",Myuno
nymweimynnymar.,Imit myn
contract,esp a marriage
"line,",flra
"ia, ad, since four days.",Mynsaw
"taiew, ad. last week.",Mynshem
mynshai.,Imit mynsngi
"Bakhuid, u, n. the Holy Ghost.",Mynsiem
mynn.,mit mynta
"mynne, ad. up to the present day",Mynta
ukorbari.,Imit u myntri
mynthiem.,Imit myntuh
mynar.,SImit mynwei
"dem, ad.",Mythian shong
LBER,NAI
"ked, a, ragged, torn.",Na
"shadong,",Nadong
shadong, dap da ka jingbakla suda nadong
"hadiih,",Naduh
hadiih.,ia nga nadiih
Q on,as nangvo
"ang, a. using low scurrilous language having a bad tongue",Nang
angnanghap.j,Iniit nang
"nangno, ad. from any place, whatsoever.",Nangno
"renangno, ad. from some place or other.",Nangno
khadsawsynnia,nai
"kyllalyngkot, u, n. January.",nai
"iaiong,",nai
"iing, ka,",nai
rat.,n a house
"jylliew,",nai
"jymmang, , n. May.",nai
"lar, u, n. August.",nai
"lber, w, n, March.",nai
lCr,nai
"lur,",nai
"nai, ad. very sickly or weakused with iyinj,",Nai
"nohprah,",nai
"pilang, u, n. a large liill rut",nai
"riscw, u,",nai
"ryDiphaug, u n. February.",nai
"saw, n. a small hill mouse.",ni
"tung, u, n. July.",nai
"wieng,",nai
napa.,Imit najan
"katai, v. to be dismissed",Nam
"iong, ka, n. dark",ndm
"sop, u, n. an arrow having a tapering ironhead like",nam
TYLLI,NiM
RANG,NAW
"tylli, ka, n. congealed blood, a clot of blood.",nam
"tympem,",uam
"nano, ad. from anyone.",Nano
"no renano, phr. from someone.",Na
"bnnia, ka, n. tongs used by a goldsmith",Nap
", ka, n. slag.",Nar eit
"kabili, ka,",Nar
"liang, u, n. a solid raw",Nar
"puh, n, n.",Nar
"im,",Nursam
"naw, ad. hard and dry",Naw
naw.,as kane ka doh ka la eh naio
"naar, ad. from some other person or quarter.",Nawei
"rang, ad. harshly",Naw
rang,as u kren naw
"iong, u, n. sesame, gingelly or iseed.",Nei
"hsih, nemiit,",as nem
"iang,",nep
"liang, ka, n. the feather at the extreme end of the wings,",nr
"lung, ka, n. the down of",ner
"net, ad. carelessly",Net
net,net
ka jutang.,Imit ka nia
"rong,",isliad
WEI,fIANGRAIT
worm.,ti n a wood
"kor,",niangkbap
pox.,niangkbar n n cbicken
andmouth disease.,a foot
"um, u n. a Mayfly.",niangkynthah
"eit. ka, n. a lamelicorn beetle,",niangkyntur
"miaw, ka, n. a tigerbeetle,",niang
ant.,i a white
"hoh shong, a. having a bad temper and envious spirit",niangrait
worm.,niangraitliang u n a tape
"wei, w, n. a barren boar.",niangrait
TYNGAM,NIAT
worm.,niangriej u n a Wood
heat.,niangsliit u n prickly
pox.,niangthylliew u n small
", kaba, n. whitlow.",sa
eh.,pyn
"knrukoin, ka.",Niam
i ia,ioh
"ksew, ka, n. the canine tooth.",niat
"duh, ka",niat
"iawbei, ka, n. a milk tooth.",niat
"pyrshah, ka, n. a front tooth.",niat
"tyngam, ka, n. a grinder, a molar.",niat
JIUR,JIUR
"niep,",Niep
i ba,as  nga ioh
shiniep.,masi la bam da u ksain nba khih inep
"arsyrtap, ka,",nierkhad
"lang,",nier
"wait, ka,",nier
"beifi, v. to treat with contempt",Niew
"kor,",Niew
"nir, stang, ad. very thin, as.  kane ka kotsadakaba stang",Nir
tiir.,eh nir
niuh,iliuhkhlieh
"moh, u, u. a beard,",niuh
"tmain, u, n. moustache.",niuh
"trong,", fiiuh
niep.,ba
"niun, ad. shakily, as, une u maw jingkienguba khieh fiiun",Niun
"niup, jem,",Kiup
fiiup.,long uba jem niiip
"niur, ka,n. a bog,",Niur
ac.,a quagmire 
niiir .,u lyngstong uba khih nmr
u ilier.,Imit u niut
", n. a game of cards,",ia
"money, in cash.",fNokod ad ready
ring.,ka a nose
ka ni.,ImU ka nong
"Mawkhar, u yoSohra, etc.",as u o
nongkheinkhrei. ,kheiiiksuid
oftheway,Nongkyndong n a person who lives in an out
nongkynshrot.,Imit nongkyndong
nonglehpaliang.,palat
like metal.,nonglieh ka n a platinum
nonsr,nonsflieh
out old brass vessel.,Nongra ka n any worn
nongpiet.,nongsam
"thma, u, n. a politician",Nongsaid
"tem,",nong
ka,nonglieh
nongsan . ,nongtymmen
nongar.,Imit nongwei
 to add a little quantity or,ia
dken.,nohbleinoh
spirited,Nohmynsiem v to be low
"prahnai,",Noh
"sha, u, n. a pipe lixed to the cocoanut shell of a hookah.",Noi
"umbrella, somewhat",leaf
"khohsiew, ka,",Nup
cap.,p the knee
nyngshap.,Jmi nyngkong
"kuna, v. to impose a fine.",Oh
kunaohkaid.,Imit oh
"jri,",Oh
tree.,V to tap an Indian rubber
"shrong,",Oh
shrongohshrnb,oh
"tah,",Oli
kurim,On
", v. to accompany a bridegroom",leit
nong,On
nongonni.,Imit on
"rong, v. to present anything,",On
on rup.,Imit on rong
"o,",iap
"op,",set
"or said, ad. very warm,",Or
or hapoh,saidor
"halang,",Ot
"cloh, V.",Ot
doh otkah.,Imit ot
"sher,",Ot
leh to con,leh
"paka, n. a", iing
relative fathers side.,ti a male
", ka, n",iing
liand,right
hand,left
pangaiii.,Imit pangah
"attop,",Pang
"bhnr,",Pang
"khlieh,",Pang
pangreng.,Imit pangkhlieh
pangkhriap.,khrew
"rending,",v to be heart
dohnam.,pangdohnud
"iapiong, ka, n. a mildew, blight.",Pang
"iapshiliang,",Pang
"mat,",Pang
pang,pangmat
"shing, j",Pang
exertion or beating,over
pangphat. ,pangmet
dzdr.,Pangiong ka n kald
"ding, v. to set fire",Pah
"shalyngngiang, kaha,",Pah
like,n the whistle
paliai.,Pahiih a overflowing abundant Imit pahuh
"sada, u, n. a string of coral leads without gold beads.",Paila
fungus,n water
pailain.,Imit paisa
paitdohnam.,Int paitdohniid
"paliang, a. distantly related.",Palat
BAEH,PARA
bubble., a soaxD
"demlorkhah, plir. a wife who",Panshandi
"tiensaid, kaba, n.in a battle array, before any of the parties",Pan
tiensaid.,form of address is called kaha pdn
"Khasi,",etc with another as in the words an
"nongshmi,",para
"mrdd, parakhjnvSiW, etc.,",jPrtr
"baeh, pr. of equal strength, resources, etc, to match with an",Para
BRIEW,PARA
"briew, n, n.",Para
man.,riage a fellow
"kha, shi, a. a relationship lietween children of brothers.",Iara
"khrparamer, u, n. a neighbour.",Para
"ksiew, u, n. grandnephew or niece on the mothers side.",Para
"kynsi,",Para
"shnong,",Para
villager. Imit.,ti a person of the same village a co
parathdw.,parashnong
"shongkha,",Para
parashongkhaparashongman,lmit u
"trai,",Para
para dkhuh,lmit para trai
"parai,",Pariah
a basket placed,Paron hh 
"pareh,",Parum
"kait, ka,",Pashor
shop.,Pata ka n a patta a licensed liquor
pateiig ia kane ka shitlii na kiwei pat ki briew.,as nga ioh
"pateng, ad. at every interval or stage.",Pateng
"lapateng, ad. from generation to generation.",Pateng
penryngkew,pAw
"peiiryngkew, v. to have the real state of",Pw
"rdifi,",Pw
"khd.rei, kaba, n. an arrow shooting competition in which",Pda
"Balang, v.",Pdiang
"dyngkhiet,",peh
"sylli,",peh
witted man., a ready
", v, to barter, to exchange.",ia
peitmut.,peitmat
DONG,PEirMAT
"dong, v. to look through the corner of the",Peitmat
peitiong.,Imit peitmiet
sehj v. to stare vacantly.,Peit
"pem, ad, lukewarm",Pem
"pen,",pen ahhrev of soh
"pet, u, n. the navel.",pet ahhrev qI soh
"kaw,",pet
"er,",phang
phahpyr,Imit phahkylli
"uBlei, phr",Phaik poh
i ba u,as  nga ioh
ukyrpad.,Phan w w a potato a household god Imit u phan
PHAWER,PHAWUR
"karo, u, n. sweet potato white rind.",Phan
"ew, u, n.",Phan
"longsyiem, u n, the household deity of a Siem.",Phan
"longspah,",Phan
longspahphanlongphew.,Irnit u phan
"mluhj u, n, a kind of sweet potato",Phan
"mongor, u, n. a common round potato.",Phan
"sdi, u, n. potatoes which grow in a garden out of",Phan
"sawlia, u, n. sweet potato redrind.",Phan
"shynreh, u n. yam.",Phan
"siiidiap,",Phan
"phareh, ctd. in a careless manner to work,",Pharuh
phareh ia kane ka ruh.,u la shu thdw pharuh
"phawer,",Phawur
phawer kumba ka sorShillong kan leit noh.,phawur
"iap,",Pbet
pbetim.,iap
"lyndet, v.",Pbet
phettuh.,lyndet
"tbong,",Phet
"phiang, u, n, a bird of greenish colour with a",Pbiang
"phiang, v. to arrange and tie grass into bundles for roofing",Pbiang
inspiring,Pbieng a awe
"phir, ad. very clean and white.",Phir
u kynbat.,ti n grass Imit u pWang
"dumdn,",Phldn
", . right through to pass.",Phlkr pei
"phliii, J phlin phlin.",Phlin
"bolts, thus x",V to fasten a door with two cross
"phnain,",PhSaiii
", ad. very fine, as, don ki shara kiba",rit
phnatn.,phnain
pah.,lmit phon
"phrak, kren, ad. straightforwardly,",Phrak
sticks.,etc by planting cross
bird does her young ones.,V to feed as a mother
"jyndem, u",Phroh
"iong, u, n. soot",Phu
"phui,",Phui
"phuin, ad. very clean in appearance, as,  une u khynnah",Phuin
briew phuinhtiin.,uba bha
"upyrton,",Phuj
"phum, ad. soft like cotton,",Phum
phmny,phum
"phup,",Phup
pliup ,jong phi u la lieh phup
"soi, ad. unusually, as an exceptional instance,",Phylla
soi aiu ka,niynno phim ju wan kai mynta phiwan phylla
"ding w, n. a flying cinder or spark.",Phylliah
", v. to have waves.",at
"lyngkor, ka, n.",Phyrdap
split pieces of bamboo for,the two
"an, a. short and stout.",Pi
"e, a, full or swollen as an overfull stomach.",Pi
"arna, and pienIasubon, are",pien
sdie., as U iw
", n,",Pilang nai
r.,saucer
"pjong, ad. like the leap of a deer,",Pjong
i hynne ia, nga ioli
pjong.,ka skei ba ka iqv pjong
"plain, ad. jet black, as,",Plain
plain., u briew uba ion plain
pliang,shi
i kiba paig ki thiah,as  tang shu rung hapoh Aspatal nga ioh
bishar,Saheb
"plein, ad. hard and",Plein
plein.,u dang im plein
"pnek, ad. very sticky",Pnek
pnek.,ka long kaba dambit pnek
door of,n a side
"ia, a. low or mean action",Poh
"caste, lowborn.",Pohjaid a low
pohrati.,pohjait
"rati,",Poh
born.,a low
"tit, ka, n. the armpit.",Poh
"poi Iwet, ad. easily crumbling",Poi
poi,jain ka la Iko poi
"bnai,",Poi
"kha, V. to marry.",Poi
poiman.,Imit poikha
"ktien, v. to get a word or reply.",Poi
poithylliej.,Iiiiit poiktien
"poit, dih, ad. with",Poit
"udkhar, ka, n. the Durga Poojali.",Pomblang
"uSiem Nongkrem, ka,",Pomblang
POM,POM
"pom, ad.",Pom
pom.,om
kyndit,as  kyndit
"umksang,",Prie
"jingmnt,",Proh
"pits,",the sides arm
"prap, ad. simultaneously and hurriedly",Prup
prap .,prup
"ptj, ad. very adhesive,",Ptj
ptejy,pnah ptej
u Pukra.,Iniit u Pukir
"piid, a. timid.",Pud
"kjat, ka, n.",Pung
"kti, ka, n. an arm.",Pung
"kylla,",Puh
"pui,",Pui
"piiid, a. coward.",Piiid
"suwa, u, n. a locust.",Puit
"up, a private room",Pulit ka n a lok
coop.,Pulo ka n a hen
"pum, M, w. a mist",Pum
jingkieng,pOn
ktien,pyllait
"jingkieng, v. to throw a bridge across.",Pun
puri.,Imit pura
"khnam,",ilir
purap.,Imit puria
"ana, ka,",Pur
pyngklat.,Imit pyugklit
"ktien, v. to break off the match.",Pyllait
KSUID,PYLLAIT
"ksuid,",Pyllait
spirit,evil
"lan, v. to let loose an animal to roam at large.",Pyllait
"rili,",Pyllait
"sanshing, v. to divorce.",Pyllait
", ad. on the belly",Pyllup dem
"adke, v. to bring a thing to naught.",Pyn
"am,",Pyn
shaped,a V
"atkhu,",Pyn
"atshyntur, v. to pout, to sulk.",Pyn
pynrap.,pynbiid
"dar, v. to be",Pynkhiiid
"ngat,",Pyn
KPUT,PYNHIAR
"kput,",Pynhiar
"myEsiem,",Pynhiar
"synjat, v. to make a formal betrothal.",Pynhiar
"iar, v. to extend, to stretch",Pyn
"ong, v. to inform, to deliver a verbal message.",Pyn
"par, v. to banish, to send into exile",Pynryngkang
"iang, v. to speak or behave as",Pynshfidkhaw
pyrdain .,lmit pyrkhat
briew da,ia u nongpyniap
", ka,",Pyrdng niam
",cZ.",at
"arched,",well
"em, ka, n. the spring season.",Pyr
"en, ad. with a swollen belly.",Pyr
inlaw.,uoc a son or daughter
"ksiew, n. a grandniece or nephew mothers side.",Pyrsa
pyrkat.,Imit pyrsia
poojah of a Siem same as  paituli .,Pyrtuh ka n a domestic
", cjf. awkwardly carrying a big person on the back,",Rakep bah
bakot eh ruh.,wat lada ki long ki ba ioh
"bah,",rad
"iarkhad, u, n. a sacrificial cock.",Rang
"ka Juki,",Imit ka raugli
RONG,RAH
"rong, v. to carry about as a show",Eah
rong rahndm.,Jmt rah
"eh, ka n. a waste land covered with thick jungle",Kai
ehraidam,Imit rai
"respect, honour.",Rain ka n self
"raidieng, her, phet,",Raimaw
raidieng l,rainidiv
i ia u khla uba heh,as  nga ioh
EW,RAM
MAT,RENG
"ew, ka, n. tlic goddess of earth, the ground",Eam
iant.,n a g
"ia,",Eam
"ia, to",krenram
"shangki, ka, n. an old fashioned gun used by the Khasis long",Bam
"shandi,",Eam
root., to up
thiew.,Imit rat
"da, zr. used with yn or ym",Rat
"monster, a brave or daring fellow.",Red w n a fabulous sea
"ngap, ka, n. the cheekbone.",Reng
"mat, ka, n. the eyebrow.",Beng
"shdn, u, n. a very hard and durable wood used for posts.",Beit
monster.,Ken u n a sea
riang.,Imit rep
", n. an illusion or dream, hallucination.",ha
"rngain iong, ad. as black as coal.",Engaifi
rwang.,Imit rngiew
rhing.,Imit rhah
", ad. conspicuously or markedly less",Ehew duna
"rhuin,",Ehuin
rhuln.,Qlml
ka ram.,Imit ka riat
"kynti, ka, n. a private landed property.",lii
riewmiat.,Imit riewbha
"believer, a person",a fellow
"iaid, ka, n. a woman of bad character, a harlot,",riew
u ruser.,Imit u runar
"lah, n. a person who holds on in argument although he",riewsaid
"usiar, dang,r. at the crowing of a",riew
riewphew.,Imit riewspah
riewnang.,riewstad
riewsan.,shibun haba ia shongkai  Imit riewtymmen
e.,Siems female reati
"dong,",Ring
"jingmut,",Eing
ofwar.,Ringtyllai kaba n a tug
u khnong.,Imit u rijied
"rdj, ka, n. a raj or public land.",ri
"jingmut, a. narrowminded.",Rit
"War, ka,n. the lowlands on the southern",Ri
", ka, n. exudation on a wound or sore, serum.",Rmiew um
"katarasa, ka, n. a show, a display",Kong
"iong, ka,",Bong
"jugem, ka, n. aieddish black colour.",Eong
"jyrngam, ka, n, green or blue colour.",Bong
"jyrngum, ka, n. a blackish green colour.",Kong
"lieh, ka,",Eong
"pad,",Eong
"foil,",ka n lead
"pyllun,",Eong
"saw,",Eong
"sawdong,",Eong
"shiria,",Eong
"stem,",Eono
"tham,",Eong
playing.,card
"ioin,",Koiii
roiTi.,roiii
"roit,",Eoit
roit,roit
"gourd,",bottle
grass.,of sun
beh u bat rtin ia ka skei,as u sew
siaw.,Imit rwai
"rukom,",Eukom
rukom, ki don rukom
"Balang,",Eung
"dak,",Eiiid
"nur,",Euid
"rui,",Eui
rutit ,ruma
ruser.,Imit ranar
JA,RYMBAI
siaw.,rwdi
"mylluug,",Rwai
", leit,",wan
ka rwiang.,hxokImit ka bok
ryngkoh.,ryngkang
uBasa,Kyngkew
", ad. following very closely of childrens ages ",Ryngkhi bud
"ryngmang,",Ryngmang
rjngmang ha u paitbah,kven ringmang
"ktung,",Bymbai
"ja,",Rymbai
tynnad rpnmuiil.,rkhie jong u kaba i
"kjat,",Ryndang
"kti,",Ryadang
"ieng,",Ryn
iengryniot.,ryn
"tlem,",Byndia
knia,Hysham
"prum,",as 
"mattah,",are 
suba.,sab
sakai.,sabuit
"kasaid, ",Sa
isdtd, sa
"iaid,",Sa
satar.,sakhi
sak,Sak
"raieh,",Sakudm
set fellow.,thick
ka sunon.,yivtit ka sM
ka ma.,lhnit ka sang
ka,lhmt ka sangam
am,to i
"daifimur, ha, n. a",Sah
u suba.,Imit u saheb
NAR,SAI
"jit,",Sah
"nangang, v. to be known as a telltale.",Sah
"pud,",Sah
"teng, kaba, n. what still remains to be done or completed.",Sah
", ad. lavishly, prodigally.",leh
"kait, w, w. a fibre of a plantain tree.",sai
"ksan, v. to hold on",Said
"ding, v. to warm near the fire,",Said
"lah, v. to keep on arguing in spite of failure",Said
"lwet,",Said
"sngi, v. to bask in the sun.",Said
sngi.,Same as syaid
"thma, v. originally",Said
saidktien.,Imit saidthnia
hemp., n sun
thread.,saimuka w n a muga silk
line  to please.,Sain V to burn a part of grass so as to clear a fire
"nalia, , n. jute",si
"nar, Uj n. a wire",sai
LUNG,SAIN
"lun, ha, n.  place that has been recently reserved",Sdiu
thread., a waist
thread.,i rolled English cotton
"ryndia, m, n. Hsilk thread.",sai
"siang,",sai
string having the highest pitch.,it n a fiddle
"siej, w, n. a bow string.",sdi
"steiS, u, n.",sai
"tar,",sai
wire.,ii n a telegraph
"tluh,",sai
"tyllai, u, w. a rope,",sai
"woh, Uyii. a skein.",sai
"wul,", jsai
salait.,Imit salia
samong.,salit
"thiah, samkhyndew",as in saw
"blang, ka, n. a kind",Sameh
samhoi.,Imit samla
tree,Samparat ka n a kind of palm
looking.,terrible
saphrong.,saphret
ka jew.,Imit ka sat
y n. tough flesh., ha doli satar
"hyrsia,",Sat
"tdani, ad. short and stout,",Sa
tdamr,kot sci
"synjat,",Sati
"yngkuid,",Sati
sajap.,sator
"syllang, a. very hot or painful.",Sat
"kasiau, ka, phr. excitement",Saw
cornered,Sawdong  four
round.,ad all
"bseifi, u, n. a spenies of wild arum",Sawiah
"sawmynsiem, a. hottempered, irritable.",Saw
"iang, .",Sawsyng
"water,",rice
"hearted, generous.",Sbuu a kind good
iiug na ka ryntlang.,ia u trai
ka,mantras 
gourd,bottle
"khuiang, u, n. the cocoon.",Skop
"nail,",Sdiah V to squeeze or press witH the thumb
sized,Sdung a good
wood.,seh ahhrev of kseh u n pine
"blei, lea, n. Bot. Taus baccata, a species",seh
"khleifi,",seh
wood.,ti n a resinous pine
"luDg,",Sei
BNALAT,SEW
"bnalat,",eew
"diengthang, a. very fat",Sngjiid
sngewmiat.,Sngewbha v to be pleased ImiL sngevvbha
sngew anna.,bieit
"diaw, v. to have",Sngew
"niun, v. to be unwell, to be out of sorts.",Sngew
sngew,sngewsih
"ei, v. to have pity for.",Sngewsyn
sngewthaw.,Jmit sngewthuh
"Balang, ha n, Wednesday",Sngi
"palci, ka, n. Thursday.",Sngi
"pohia, ka, n. weekday.",Sngi
"saitjaifi, ka n. Saturday.",Sngi
"thohdieng, ka, n. Priday.",Sngi
"uBlei, ka,",Sngi
", a. exactly equal",Shak mar
shakor.,Imit shakri
kmen.,Imit shad
"khalek, v, to dance round a group of girls dancing by men",Shdd
sharuh ,shadem
MASTIEH,SHAD
"mastieh, ha.",Shad
dance.,n a sword
"nolikjat, ka,",Shkl
"kishadia, ki n. old persons.",Shado
"sawangki, v. to dance like nautch girls.",ShiUl
"sohtyngker,",Shad
"jingit,",Shah
"byrngut,",Shai
poonjee.,of Shella
basket,Shalani ka n a small round winnowing
"or,",Shalyng
"ur, w, n. a kind of wasp.",Shalyng
"sham, a. very precipitous, as,  ki pynnoh ia u men Lang",Sham
shdm.,iiiuh na ka riat kaba shdin
case.,Tcay n a small metal lime
"khung, u, n. rafter.",Bhan
"dang,",han
stick.,Shanduh d to take or use a walking
"mohor, , n. an obsolete silver coin of the Jaintia Eajas.",Shdn
"shano, ad. anywhere, wherever.",Shano
"reshano, ad. somewhere.",Shano
ka mohor.,Imit ka shp
plate worn hy,Shaphrat ka n a piece of iron or copper
"pushi,",Sha
pot.,ti n a tea
eyed,Share ad dim
shariaug,Imit sharud
shakiar., sharud
"batabak, ha n. a circular",Shata
"khmaf, v. to cast ones eyes upon, to have a fancy for.",Shat
"jain, ha, n. a clothumbrella.",Shatri
SHAAR,SHAWEI
THAi,SHET
"shaar, ad. somewhere else.",Shawei
"shawei, ad, towards some other parts,",Shawei
", ad. by showing the teeth", rkliie
"sheng,",Sheng
 ad. very high,jrong
sheng. ,kaba jrong sheng
"duk,",Shem
"pap,",Shem
shemma.,shemsang
sat. v. to meet with trouble,Shem
"shen, ad. soon, presently",Shen
da,Shep
da lah.,u ialeh ruh um shep
"kylla, v. to prepare a spiced curry",Shet
"jakai, v. to make a sham cooking as children do.",Shet
"thdi, v, to parboil.",Shet
KAUMKADING,SHET
"kaumkading, phr.",het
"refix, which means one,",Bhi
"buit, u, n. a briar.",Shiah
arbit.,shibit
i shibyllien u briew u leit sha iing Kashari. ,ioh
"kaddei, ad. very much",Shi
"katta, ad. all the while.",Shi
"shiman, iadei, n. to be related by marriage.",Shikha
time.,Shikhmat ka n life
"kabneng, phr. the whole",hikhrum
tie suspended,or bamboo
MET,SHI
"kur, ka, n. one clan.",Shi
shikmie.,shikur
"kuri, ki,",Shi
"kuro, ka, n. a faction.",Shi
"dana, ka n. a bit, a little quantity.",Shi
"dur, a. of the same form or shape",Shi
"rukom, a. sui ge fieri i, peculiar.",Shi
ka,shing
"budlum, u, n. the spine.",Shing
"hali, ka, n. a number containing",Shi
"hara, ka, n. a set, a group of the same kind of things.",Shi
"hud, ka, n. one portion",Shi
tynnad shihild.,u ba u thoh ki shu i
"iingshisem, ka, n. one family, one house.",Shi
"jhap, ka, n. a number containing ",Shi
"Avnow, shiliavgwoh, etc..",mamla shiliang
"khmat, ad. partially, dishonestly.",Shiliang
"shiliang, n. eah side, each party.",Shiliang
"lnger, ka, n. one whole length",Shi
"lymbher, kay n. one large heap.",Shi
"lynter,",Shi
"bteng, v. to take the place of",Shim
"khyndew, v. to wane said of the moon.",Shim
"mat, k, n. one joint, a portion between two joints.",Shi
"met, ad. personally,",Shi
TDA,SHI
"shah, v. to buy a",Shim
shahshim,Imit shim
"siew, v. to take a thing by paying its cost price.",Shim
"mynsiem, ad. dearlv, intimately,",Shi
mynsiem, as ki ia ieit shi
shin ia uwei u khynnah.,u peit
shipi.,Imit shipa
"shipai, influenza.",pavg
ore,of iron
"piam,",Shi
"piamstar, ka, n. a lengthas much as can",Shi
strap or  star.,with a head
"rynieng, ad. from head to foot.",Shi
ka syang.,Imit ka shit
"tda, ka, n. a length measured from",Shi
DANG,SHIT
"dang, v. to feel very hot applicable to persons only.",Shit
shiliang.,Innt shiteng
"arteng, ha n. more than one occasion, often.",Shiteng
"synnia,",Shiteng
synnia,shiteng
dummoh.,teng
"lhep,  V.",Shit
"lhop, ",Shit
shijot.,Imit shitom
", ka,n.i large flat fish.",tShitor kha
"rhem,",Shit
"tyllup,",Shi
tyllup ka pyrthei ki tip, baroh shi
"shlein, nep, ad. pointed, as, ki rah",Shleifi
silem. forward impudent.,nep shleiri
"house, an iionworkshop.",Shlem ka n a smelting
", ad, very long and pointed,",Shier nep
", ad. very pointed, taperingly.",Shlir nep
DOR,SHONG
", ad. up to the brim full,",Shmoiii  dap
ka thaw.,ImU ka shnong
sah., Imit shong
"basa,",Shong
basa,shong
shongiclid.,Imit shongkai
"kha,",Shong
shongman.,Tmit shongkha
shongkhrei.,ksiiid
shongsang.,Imit sbongkur
shongkupai.,Imit shongkurim
"mungor,",Shongkyllaifi
"legged,",sit cross
"dor,",Shong
dorshongmur,shong
"dur, a, becoming, proper.",hong
LYNGNGEIT,SHONG
TYNDEP,SHOH
"lyngngeit,",Shong
"mangkariang, a. bad tempered, envious.",Shong
"nia, a, reasonable, right.",Shong
"niangraitliang,",Shong
"fiiangraithoh, a. having an",Shong
"per, a. to become lightminded, to be flippant.",Shong
"shongshang,",Shongprah
"raithoh, a. stingy, niggard.",Shong
"sngi, v. to be off ones work, to rest.",Shong
"shiliangkhmat, a. having second sight.",Shong
"thap,",Shong
shongbiang.,Imit shongtbap
dat.  a., Imit shoh
"dap, v. to castrate a bull.",Shoh
"doh, V. to kill an animal for food. Bnlt. shohdohshohkah.",Shoh
"dohkha, v. to poison fish.",Shoh
doh khashohdohthli.,Imii shoh
"niangkur,",Shoh
"noh, v. to commit murder for the propitiation of",Shoh
nohshohtuh.,Imit shoh
"samthiah, v. to drowse.",Shoh
"thah, ka, n. a robinred breast",Shoh
"thdw, V. to work in iron, to work as a blacksmith.",Shoh
", ad. in order,",ieng
"iak, j",Shi
fruit,or of such like
root., an arum
"margin,",carved
ka shrub.,shrong
pen.,V to hate to be inimical with Imit shiin
"kot,",Shun
"kpu, ka, n. slaked lime.",Shun
"dewiong, ka, n. lime burnt with coal.",Shun
"dieng, ka, n. lime burnt with wood.",Shun
"maw, ka, n. unslaked lime, quick lime.",Shun
"thlongmluhthlongsying,",Shiin
shuwai,a base thing Imit shuti
ka,ka shwdr
"iar, ka, n. a jet of water, a stream of water, a fountain.",Shyng
"id, ka, n. a manger.",Shyng
ka tlieng.,Imit ka shylliah
"nud, ka, n. the pit of the stomach.",Shyllip
", ad, poutingly, sulkily.",leh
"kjat, ka, n, the shins.",Shynrang
shynriah,Imit shynraifi
in.,Imit shynraintyng
shell,a skull an egg
"riap,",Shynroin
shynriap . ,shynroin
KHARJ,SI
kite,paper
"tyrpeng, ka, n, the shoulderblade.",Siang
", ad.",dap
iong u leit kyllain syian ha,sein
"flower a work like a plantainflower,",Siarkait ka n a plantain
"longkha, u, n. any",Siar
"shrong, ka,n. a kind of earring worn by males,",Siar
"sla, ka, n. gold leaf.",siar
"tylli, ka, n.",siar
"sia, ad. in anger and in a threatening attitude.",Sia
"shisia, ad. unceasingly, constantly, as,  u bam",Sia
shisia ia,sia
"jingmut,",Siat
"shonshiw, v. to tread on the corns of another.",Siat
"thong,",Siat
"mawiang,",Sidw
"siaw, ad. in a whisper.",Siaw
siawsoitsoit.,Imit siaw
"kliar, ka, n. a small cow imported",si
KHYNNA,SI
MASTIEH,SING
"khynna, ka, n. a hill cow, a cow bred in the Khasi",si
u skong.,Imit u siej
u kmie.,u Siem
"iong, u, n. a term applied to the Siem of Nongspung.",Siem
"lieh, u, n. a term applied to the Siem of Nongkhlaw.",Siem
"sad, ka, n. the eldest or the youngest female member",Siem
"Shillong,",Siem
tda.,Imii siew
"baibat,",Biew
siew,siewspah
"tun, n. a greatgrandchild.", siew
u siewjiap.,Imit u siewtun
"dumdum, singynghai, sing march,  the",sing
beatings in a Khasi female dance.,of drum
"mana, ka, n. boundary,",fSing
"mastieh,",sing
"shadwait,  the different ways",sing
NAKRA,SING
"nakra, ka n. a big drum.",sing
"nalai, ka, n. a long conical drum like a tomtom.",sing
"padiah,",sing
"sez,",as kren
"si, etc.",sihi sngew
"lud, w. a young cow or bull.",si
"lyngraw, n. a youngbull.",si
ka doh.,Sim n a bird Imit ka sim
"mdd, ka, n. a bedbug.",si
"met,",si
mite gamasidae vermin which infests,ka n an insect
"krai,",Sim
"kyllaidohdit,",Sim
tail., w a wag
"ldidieng,",Sim
"puhdieng, n. a creeper bird.",Sim
"puhwieh, ",Sim
ktieh,Sim
"pyllieng, , w. the rainbow.",Sim
"sohphoh, w, w. a hoopoe, a fop.",Sim
"tung, m, . a blackbird.",Sim
"tyngwieng, u, n. waterouzel  a man who makes much show",Bim
rngop.,Sin V to nickname Imit sin
"sipsapsap, ad, in an underhand way, not openlyi",Sip
", ad. evening, nighttime.",Sit used with la
"siw, khriat adi very cold.",Siw
"siwsiawsiaw, ad. Whisperingly.",Siw
sleh.,Sleh V to anoint to wash the head Imit sum
tree whose leaves are generally used in,Slew ka V kind of palm
nmhrellas.,making leaf
up in which lunatics are confined in the Khasi,Slung ka n a lock
spot.,V to swear to take an oath Imit smai
", d to the biim,",Smiar dap
", ac. to the",Smoin dap
"smom,",Smom
"smop,",Smop
smom.,kaei kata kaba jem smom
AMIRPHOR,SOH
ka ksuit.,Snam ka n blood Imit ka sndm
krdw.,Sneng v to reprove to correct to advise Imit sneng
spirit who,evil
"kr, ka, n. a cocoanut.",Snep
"doh, ka, n. complexion,",Snieh
ka snap.,limit ka snier
smeh.,Sniew a bad evil wicked Imii sniew
"bok, a. unlucky.",Sniew
"jew,",Sniew
"riangksiar,  u,",Sni
"riangksiar, ",Soni
"thapbawa,",Smir
"u pdi, u sohu syntiew.",soh
"amirphor, w, n, a fabulous fairy fruit",goh
JEW,SOH
"baingon, , n, brinjal.",Soh
"ben, m, n, a very palatable fruit eaten after being cooked, and",Soh
fruitlstone.,resembling in shape the core of a mangoe
"brdi, u, n. a small sour fruit with a hard seed.",Soh
"brapphareng, , n. passion flower, passiflora.",Soh
"broi, u, n.",Soh
plum.,sljx Indian jujube a Chinese date
"byrthit, u, n. a shrub, the flower or fruit of which sticks to the",Soh
"ryndang, u, n. the throat.",Sohkhaw
"khdwiong, u, n. blackberry.",Soh
"sohkhrm, a. rugged, rough.",Sohkhruh
"sohkhret, a. not smooth, rough.",Sohkhrut
"kynphor, u, n. a papaya.",Soh
"kyrsiew, u n, a tuber of a certain creeper about the size",Soh
"kwit, u,",Soh
"kyrbam, u, n. chalita.",Soh
"ngang,",Soh
"iong,",Soh
"jew, w, n. sour fruit, lime. Jmi. sohjewsohsat.",Soh
"jyllih, , n. a lime fruit of very good",Soh
"jymbuin, u, n, teat, nipple.",Soh
"lang,",Soh
"lah, u, n. a kind of black potato, potato.",Soh
"lapr, , n. the fruit of a small palm.",Soh
"lew, M, w. a fruit used in poisoning fish.",Soh
"liang, u, n. a wild poisonous fruit about the",Soh
"liia, w, . a small sour fruit with a rough outside, the bark of",Soh
"lyngdkhur, , n. a mulberry.",Soh
"lyngkait, u, n. a plaintainlike fruit of a certain wild creeper.",Soh
"like fruits growing in bunches,",Sohma u n small grain
"mad, w, n. a kind of citron, the leaves and rind of which have",Sob
"manir, u, n. litchee.",Soh
"myngngr, u, n, a shaddock or pomel.",Soh
"mylleng,",Soh
"myndong, w, n. a common lime.",Soh
"myntait, u, n. a wild fruit as big as a bread fruit.",Soh
"nepbah, u, n. the fruit of a certain shrub used as a",Soh
SHANG,SOH
"ot,",Soh
"padoi,",Soh
"pai,",Soh
"pailen, , n. waterfungus.",Soh
"pairah,",Soh
"pdok,",Soh
"pdung,",Soh
"pen, , n. a wild earthnut.",Soh
"pet, u, n. the navel  the ends of a twisted string.",Soh
"phan,",Soh
fruit.,ii n a jack
"Nongkhhiw,",Sohphoh
"pieng, u, n. a mango.",Soh
"pong, u, n. species of fig.",Soh
"prew, u, n. a species of fruit of a creeper, the cultivated variety",Soh
"priam, u, n. a guava.",Soh
"pyrshit, u, n. a small black fruit, used by some as a",Soh
"bait,",fish
"pyrshong, u, n.",Soh
"ramdieng,",Soh
"ryngkham, u, n. a very small eatable fruit of a shrub.",Soh
"shang,",Soh
SHANGLEW,SOH
"slianglew,",Soli
sohthaw.,stranger an alien Imit soh shnong
u sohtaug.,Sohsiem u n an alien a foreigner Imit u sohsyiem
"sning,",Soh
"stap,",Soh
"trun, w, n. a pineapple.",oh
"tyngkoh, v, to limp.",Soh
"tyntoi, w, n, a tamarind.",Soh
" ad. straight on, without",ISin laid
", ad. away, as,  ynda kumta u sa leit noh",leit
u bhut. same as suidtdn.,Imii u soitdn
"bajar, v. to thatch a house by putting another layer of grasS",Sop
grass on the roof,over the old one  a form of putting thatching
"jat, Mi n. a legging.",Sop
"sarang,",Sop
"sieh,",Sop
sopjat.,Sopti ka n a coat Imit sopti
ka jhew.,Imit ka spah
"san, a.",Spiid
"nang,w, n, a learned",Imit stad
u jhad.,Imit u stad
", V. to wither.",lap
"phyrngap, ad. early in the morning.",Step
ka wait.,Stieh ka n a shield ImU ka stieh
SIENG,SUH
"ni, ad. fastidiously clean.",Suba
saifi.,Imit suk
"anna piece, a sH onefourth of a rupee.",Suka ka n a four
suloi.,ImLt suki
thain, ImiL suh
thar to deal in an underhand way.,Imit suh
stitching.,n a back
"buit,",Suh
"khun, v. to be in labour.",Siih
"khylliap, kaha, n. hemming.",Suh
"kyndang,",Suh
"dong, v. to stretch far inland or into anothers kingdom.",Siih
"jut, V. to have false pains.",Siih
"jyllai,",Suh
"jyndong,",Suh
"mariap,",Suh
"ot,",Siih
"pynpur, kaba, n. a runningstitch.",Siih
"sat,",Suh
y. ka calamity.,to suffer troublej
"sieng, a. very pungent smell.",Suh
SYNRI,SIH
"synri,",Siih
"tak, kaha, n. a long temporary",Suh
"thiecl,",Suh
"tok,",Sdh
"tyngka,",Siih
"spirit, a devil.",n an eyil
"khai,",Suid
kyntamaramj,suid
"ngon,",siiid
"briew,  ing",suid
"lamiap, u, n. the executor of Gods decree to carry away the",suid
"nia,",suid
"niew, v. to care used negatively with ym.",Suid
"tynjang,",suid
hoitkawhoit,known by his call of  kaw
"um, ih n, the evil spirit who attacks women and",suid
shor.,Imit suit
"nam, ha, n. matter mixed with blood.",suit
ka man.,Imit ka suloi
"shamok, ka,",Suloi
sleh.,Imit sum
sukhdr.,Sumar v to take care of to be careful Imit sumar
", ad. bulky, as, u briew uba beb suphu.",Suphu heh
"ang, v. to cover the mouth of an overfull sack with leaves, and.",Sur
"dam,",Sur
"eitmat, v. to have the eye glued with eyepus...",Sur
"eitmut, v. to blow the nose.",Sur
"thapbawa, r. to be covered with spiders web.",Sur
out.,ties to be on the look
examine.,Swar V to cross
ka sbur.,sboh
BAMON,SYNGKAI
"bamon, u, n. a god who causes people to",Syngkai
"kurim, ka, n. motherinlaw.",Syngken
"iang, ad, bright red.",Syng
"it, a. tight, choking.",Syng
"itldm, ka, n. the place or saddle where two hills meet,",Syng
"kpieng, u, n, a single bead.",Bymboh
rash.,f n nettle
nosed.,Syndem a flat
"myrsiang,",Syndot
", a. haying the peculiar",Iay
ka synrah.,ImiL ka synrum
khadar, Imit synshdr
minded fellow.,Syntan n a hardy or strong
u sktid.,Imit u syntiew
"khmut,",Syntiew
ka,syrdep
ka syrnget.,yimit ka syrngiew
SAW,TANG
piece of an animal  a chine,Tabla ka n the shoulder
"tyrpeng, ka n. an armlet.",TM
"ynda, ad. until,",Tad
baskets, to make a finish of tbe plaiting of wicker
"duma, ha, n. a hookah, a hubblebubble.",tang
"ulymban, w, n. a",Tangon
"sdw, M, n. the gullet.",Taug
"um, ka, n. a bamboo pipe or chimga for carrying water.",tang
"hoh, j ia ka jong ki briew.",Tob
"tai, ad. very",Tai
"tMn, . loudly",Tain
tamy,tain
"tdin, ad. elastic.",Tdin
"kur, v. to be excommunicated",Tait
kmie.,kurtait
"piece, same as tahla,",Talba ka n the shoulder
tamhoi., disobedient Imit tamsa
"tamtain, ad. unevenly.",Tamtuin
"tani,",Tana
tani mynta shi snem.,tana
"kharlyngngoh, v. to play blind mans buff.",Tap
"kpoh, V. to perform a poojah ceremony for the",Tap
"lawbei, v. to worship",Tap
"lubri,",Tap
"mohkhlieh, ka, n. a piece of cloth used by women",Tap
"rngiew, v. to make sacrifices for ones own good luck.",Tap
taprwiang.,tdprngiew
"Thawlang, v. to worship",Tap
TDAW,TDAW
ont,worn
"takut, see also thungtasam.",tasam
"tkai, ad. fat and plump, as,",Tkai
tkai,tkai
"tkur,  tkurtkur.",Tkur
stitch., a running
"tdaw, ad. hard and tough, as,  ka thalap ka long",Tdaw
"tdot, ad. at all,",Tdit
tdotJ,as  wat leit ai ei ei ia u tdit
"bohkhaila, ka, n. the fagend of a",Tdong
"sier, u, n. a meadow haiiey.",Tdong
"teng, ad, occasionally.",Teng
khum.it,Imit teh
"kirmit, v. to be under a bond or agreement.",Teh
"ktien, v. to be engaged in a marriage",Teh
teh thylliej.,ktien
"musorkar,",Teh
"iong, v. to be engaged in a marriage contract",Tehsai
"pop, V. to charge with",Tei
"thap, , n. nettle rash",Teln
"tej, ad. adhesive, like gum,",Tej
tei kum ia u mynpang.,tj
musical,stringed
put.,Imit tem
"ten, ad, elastic, producing",Ten
ten,jwat ten
"eitmiaw, v. to affect to overlook a thing.",Tep
"lter, ad. one whole length,",Ter
lter.,jrong ter
"shiter, ad, in a series of objects",Ter
"ter, ad. consecutively.",Ter
"tew, eh, ad. very hard,",Tew
tew.,eh tew
ka khdn.,Imit ka tnga
hay n. a dirt.,Tngit a dirty 
ka tngar.,Imit ka tngit
bM,Imit thdd
"IM, V. to become shameless",Thdd
"rong, v. to use low or obscene words  to tell tales.",Thdd
"khr, v. to be cremated by the State or by the public.",Thang
"krei, v. to burn the body without gathering",Thang
"iong, v, to become",Thang
"jngap, v. to have the discolouring of the face.",Thang
"rang, a. to feel very thirsty.",Thang
"ram,",Thang
"rong,",Thang
"saw, v, to heat a thing till it is redhot.",Thang
"frost,",Thah w n ice hoar
MRAd,THAP
"tliMt, ad, without intermission, incessantly,",TMit
thdit ha doh ia u.,rup thdit
"thaleifi,",Tliala
thamuleiu.,mit thamula
thakhr. ,Thana n person having some relationship limit thana
"bangem, , n. a ground spider.",Thap
"baiong, v. to become dizzy.",Thap
"balieh, ,",Thap
"balong, ka n. a large black butterfly.",Thap
"bawa, ka, n. a spider.",Thap
"basim, u, n. a mole.",Thap
"biej, a. having some disordered state of mind",Thap
"bulong, ka, n.",Thap
"kr, ka, n. the back part of the ear.",Thp
"uddp, u, n. a common ignorant fellow.",Tliap
"ngap, ad. lonely,",Thkp
ngdp ha,as u shong marwei thap
"mrad, v. to swoon, to be under the influence of evil spirits",Thap
NIANG,THAP
SHIENG,THEP
"niang, ka n. wing",Thap
"shrieli,",Thap
"thare,",Tharu
thare,tharu
"tbat, kyiub,",That
"kasbari,shiveriugly.",leit mill ling
", kren, cul in a queer or",leh
oftheway,out
ka lawbei.,self mit u Tbawlanj
"thaw,",Thdw
", ad. ragged or torn, in tatters,",jot
thdio ,u ki la jot thdw
seij,Theh
"khaiapsaw, a. a woman who has once",thei
"iaid, ka, n. a woman of bad character.",thei
"iaw, ka, n. a woman of advanced age  an elderly woman,",thei
"sotti, ka, n. a virgin.",thei
"mawbah,",Thep
"shyieng,",IThep
"ther,",Thfer
", ad. with light",laid
"thet, ad. convulsively",Thet
thngaw.,mtt thngad
jingit.,Imit thngan
"bluin, a. saltish sweet taste.",Thiang
"byrjup, a. sourish sweet taste.",Thiang
"jngap, a. honeysweet.",Thiang
"jlep, a. too sweet.",Thiang
shong.,mit thiah
"ang, v. to be asleep with the mouth open.",Thiah
"basa, v. to sleep for the night or as a lodger.",Thiah
"thiahbasuin,",basa
"kai, v . to",Thiah
"jingit,",Thiah
it,thiahjing
"sngi, v.",Thiah
"thdi, v. to oversleep",Thiah
thikni.,Thikna a regular certain exact Imit thikna
MLUH.THLONGSYING,THLONG
u jaw. . to buy,w thiecl
"baibat, v. to buy for ready money, to buy in cash.",Thied
"ei,",Thied
"khutia,",Thied
thied khu,khutia
"shah, v.",Thied
thied sham.,thied shah
"snam, , n. vein, artery.",Thied
constrictor.,A boa
thlait.,thlia
ka,thliew
"ka iing, phr. in every house",Thliew
"iing,",Thliew
u synrei.,Imit u thlong
"nar, w, n. an iron mortar.",Thlong
"mluhthlongsying, jphr. bitterly inimical implacable",Thlong
PEN,THOH
ka,m ka thma
"kaktien, ka, n. law suit.",Thma
"sabon, ka, n, a lather.",Thnam
"syiar, ka, n. the single horulike claw of a cock.",Thnat
shukor.,thok
iar.,thoh
"brain, ",Thoh
"bruin,",Thoh
"brew, ",Thoh
"khalainusip,",Thoh
"leng, a. having a white speck or a spot.",Thoh
"thoh leng, ad. with stains here and",Thoh lung
"thoh mat, a. having dirty spots here and",Thoh mut
"pan,",Thoh
"pen, j",Thoh
PUID,THOH
"thoin, ad. dearly, intensely love",Thoin
thom,as ngeiieitthom
handed manner.,Thorn V to tramjile to clear  to do in a high
"thor, ad. flutteringly, tremblingly,",Thor
thor ian very light.,thor
"thrait, ad. at once or",Thrait
thrait,la tiir thrait
ei ho ia kane,j ai
tep.to,hnit thuug
thung prah.,mit thung baji
shriew coloq.  to die.,Thung
"shut, u, n. a species of sedge, a rush.",Thung
"tasam, v. to swear solemnly. Wben",Thung
out dd or other piece,same thing he takes hold of any worn
place.,fire
thung takut.,tasam
"tang, v. to recount, to",Thuh
thuh thaw.,thuh tang
", ad. out issue of",Thui tdem
i tad ynda, as nga ioh
", ka, n. hard earth, clay.",Thuli dew
", iaid, ad.",Thuin ieng
", ad.",Thuit pluh
", ad, to have a",lait
"ding, ka, n, a tongue of fire, a flame.",Thylliej
", u, w. a Small fruit which a shrub growing on the",Thyllong soh
"bishar, v, to bring",Tian
ka tar.,tiar
"sdw,",tiar
"dieng, etc.",u tiar
"shitik, ad. incessantly, as, mynta ha kine",Tik
shttik,tik
"Bamon, ka, n. inoculation.",Tika
"duh, ka, n. the last finger.",ti
"upyrthat, kaba, n. a clap of thunder,",Tied
JAMIIANG,TIEW
"bali, ka n. a",tieh
"batur, ka,",tieh
"jr, , M. a bow consecrated to a malechild",tieh
", ad. sticky and soft like mud,",zZfJO jem
"tej,",Tej
tiy,i tiJ
", ad. like an elastic thread,",Tieiii jrong
"bania, ka, n. an incorrect way of speaking a foreign",tien
"biria, ka, n. jokes.",tien
birai.,Imit tien biria
"kai, ka, n. sham words, jokes.",tien
"ngiah ngiah, hi, n. words spoken in soft and highly polished",tien
"jalijaum, kl, n. soft sweet words,",tien
"lyngkut,",tien
"tharshiah, ki, n. words which give pain to",tien
"wohnia, ki, n. words spoken with a view to",tien
"klong,",tiew
knup,tiew
"dohraaw, u, n. a very small plant whose leaves are of a dark",Hiew
"eit, u, n. a flower of a fruit tree which does not",tisw
"jalyngksiang, u, n. the rhododendron.",tiew
"jamiiang, w, n the violet flower.",tiew
DUK,TIP
"japang, u, n. the bluebell.",tiew
"lapongndi, u, w, a",tiew
"lasir, w, n. a species of orchii.",tiew
"lasubon, ka, n. tlio tender leaf holding the flower of a cevtain",tiew
apple,pine
"myngngor syngun, , n. marigold.",tiew
"pathaikhubr, u, n. a flower, the sweet",tiew
"phkn, w, n. the dahlia",tiew
"riamskdin, m, n. the pitcher plant.",Hiew
"sngi, u n, the sunflower.",tiew
"shyllong,",tiew
side bears.,shrub growing by the river
"shlim, w, n, stramonium flower.",tiew
"sla, u n, a brass pot for cooking rice, same as khiewsh,",Tiew
"snohdieng,",tiew
"synteng, , m. Vanda cerulea orchid.",tiew
"thylliejtangmuri, m, n. blythia flower.",tiew
"tyrkhang, , n. a sweetsmelling fern.",tiew
"khun, v, to own a child as ones own.",Ting
mai.,tim
"kia, v. to call on the spirits as a Khasi",Tim
kniatimkhriam.,tim
"briew, v.",Tip
tip mrad.,tip briew
"kein, ph I do not know, I doubt.",Tip
"duk, V. to be industrious, to be",Tip
tip suk.,tipduk
EI,tlP
ei  phr. who knows ,Tip
"ma, conj. but, on the contrary.",Tip
"pdeng, ka, n. tlie middle finger.",Hi
"sngi, a.",Tip
behaved,well
tipnong.,Imii tipsngi
"tlmhtip dai, v. to recognise, to know.",Tip
" much, very",szzzV
"shitir, ad. again and again, line after",Tir
.hilir ban leit rong la ki pylleng ,ki mih ilr
lir.,kwah ban ialeh Hrshi
"thnatsyiar, u,",Tit
tree.,Tldi ka n a palm
tears.,millet and jobs
"khli, u, n. a kind of gronndcraeper",Tm lifi
"tree, stagmoss.",resemble that of a pine
"tmum,",TmiTin
tohjun.,tohmet
"toifi, ad. easily, without resistance come, as,  tang shu shim",Toin
tom.,na ka kti u shu wan tom
ka dkhuh.,Imit ka trai
"shnong, n. a native of a place",Trfii
shuonff,citizen Imit trai
", v. to wither, to die of trees and bamboos",Tram iap
proof frame used by the Khasis,Trip ka n a small circular rain
grass.,Traw w  sun
ktah treibeng.,Imit trei
"svar, u, n. a cavalry soldier same as tyllupswar,",Trup
"rymbai, ka,",tung
"tap, kay n, a small preserved fish.",tung
"t aga briew, v. to commit adultery.",Tuh
"tuin, ri. hesitatingly, with fear,",Tuin
"kitam, ki",Tum
"tuma, ad. in pieces to chop,",Tuma
tuma ia ka jain jong nga.,tuma
"iap, v. to rush desperately",Tur
"ab, n. a raven, a crow.",Tyng
"am, ka, n. the jawbone",Tyng
"amduh, ha, n. the wisdom tooth.",Tyng
sbai.,tTyngka ka n money rupee Imit tyngka
"sohthad, v. to preserve a thing carefully used",Tynskai
"tynkhap ka, n. a tick.",tyngkhip niang
"m.iw, ka, n. crevice of a rock.",Tyugkhap
"tyngkhap, sah, ad.",Tyngkliip
tijngkhapT,uba sah tyngkhip
", ka, n. a dao",Tyngkrong wait
tynnad tyngkdon.,as I khynnah iba i
"eh, ad. roughly, harshly, peverely,",Tyng
eh,leh tyng
"boand, as u shynreh u peit tyngheng",Tynghong ad agape spell
", ad. agape said of a small mouth.",Tynghong peit
"in, v. to flirt, to court.",Tyng
"ier, ka, n. a platform suspended j ast above the hearth",Tyng
"snwali, u, n. a rope in a plough by which",Tyllai
mraw,la ioh
tyllan.,mo Imit tylli
"tyllan, ad. exactly alike",Tylli
tfllan ia la u kpa.,tflli
ukro., u tymmen
ir.,aud euds are kept it is above ka tiny
", u,",Tympom nam
"lea,t",Tympew n n a betel leaf a pd
"tympha, u,",bah
plate.,n a wall
", ka, n. a tree resembling a papaya tree, the branches",la
"tynda, ad. perchance",Tyndi
ka,tyndong
", un. a lame demon who haunts",Tynjang suid
"hoit, kawhoit. If he",is said that as he walks he calls out kaw
"u tynddw,",u tynriew
bag for catching fish.,Tynsong ka n a small net
"a, u,n.",Tyr
"bas Beng.,", nol
grape u,oi
", ha, n. a bayleaf, tespdt.",la
", ad.",Tyraw iap
"um, ka, n. foam.",Tyrthup
"ut, ka,n. the demoness who brings about misfortune to a man,",Tyr
"utka smer,",Init ka tyr
SAW,UM
"uet,",TJei
ka,Urn ka n water juice ImiL ka um
um a brotherinlaw,contr oi kyn
"bah, a. having much water in a stream or river",Um
bahumsan.,ka n flood big stream Imit um
"biah, ka, n. saliva, spittle.",XJm
"koi, ka, n. a well where sacrifices and",Um
"jakar, ka,",TJm
"jah, ka, n, cold water. Imit. umjahumtngam.",Um
"jr, ka, n. dews.",XJm
"jung, ka, n. mine.",XJm
"mat, ka, n. tears. Imit. ka ummatummut,",TJm
matka,ka iim
"mluh, ka, n. saltspring, saltwater.",TJm
"pyrdng, ka, n. water in a well in which an oath, libation and",Um
"reit, long, a. lively and dark",TJm
"rieng, ka, n. fresh or pure water as distinguished",TJm
rmu,Um
"saw, ka n. a flood. Imit,",TJm
umsian.,umsaw
SHAR,UM
"shdr, ka, n, cold water",Um
"sliit, ka, n. hotwater",Um
"shitja, kat n. conjee.",Um
"snamia , v. to shed ones blood.",TJm
"syep, ka, n. sweat",TJm
"thet, ka, n. water with which hands have been washed.",TJm
"thlong, ka, n. water which gathers in a pothole of a stream,",Um
"thra, ka,",Um
iimj,um
", a. lukewarm, warm.",said
"reuno, p. someone, somebody.",Uno
"uno, p. whoever, any one.",Uno
hap.,sensation Imit ur
"met, ha, n. menstruation.",TJr
"urhap,",Urwir
"shiut, ad. slowly, hesitatingly",Ut
shiut naduh mynno ym lah dep shuh., ka jingkhreh ut
"tai, p. he there within sight.",TJtai
LAUWEI,UWEI
"lauwei, p. someone else.",TJwei
"udr, p. some other person.",TFwei
"wab,",Wah
", ad. flexibly, xliably,",jem
"Aveb,j",Web
ai.,ubajem f
thud.,Imit wad
"buit,",Wad
"dong,",Wad
"lad, v. to seek a means or an opportunity.",Wad
"nia,",Wiid
"phoi, v. to seek a quarrel.",Wad
stalk Colncasia antiquorumad. ajar,u or ka n a taro
"wang,  kylluid, ad. very loose",Wang
"weng,  kyildid wangwang ha ngaj",Weng
ka urn,ka wah
"bah, ka, n. a large river,",Wah
wahsan.,wahbah
"duit, ka, n. a rivulet, a streamlet.",Wah
wahrit.,ImiL wahduit
"wtii,",Wai
" ad. weakly, as,",tlot
wdi,wdi
witwit.,mit waiwai
"khdw,",wai
"dong,",wdi
nut a hhili Hindi.,u n rolled or prepared betel
SOHLAPER,WAl
"solilaper, w, n. the fniit of a small kind of palm.",Vai
"sohpari, w, n. dried areca nut.",wai
"bnoh, ka n. a da with a crooked head.",Wait
"khmnt, ka n. same as",Wait
bnoh. , wait
"lyngen, ka, n. a da with a convex edge.",Wait
"lyngiigun, ka,n. a straight heavy",Wait
"tyng krong, ka,",Wait
"um, u, n. areca nut preserved in water, in a well or vessel.",Vi
"wot, ad. finally,",Wai
kaiwaniaid.,Jmit wan
"doh, v. to be full in flesh,",Wan
"dm, v. to be in the proper shape, symmetrical,",Wan
wandar.,diir
"met, v. to become full in",Wan
wanphad. ,wanmet
"on, v. to accompany a person on his journey.",Wan
"rwing, v. to go to any place and return back the",Wan
"shaw,",Wan
"tan, v. to come to meet a person on the way.",Wan
"wuwanhdp,",Wan
u Riat., hnit u War
" times, as, shlwat once, arwa twice, etc.",wat suffix
"kynbat,",Wer
"wer, ad. as a rumour,",Wer
wer kumba ka,wer
"samrkhie, v. to smile.",Wiat
worm.,earth
", ad.",iaid
"daw, V. to seek a plea",Woh
woh,wohddw
"nia, v. to object, to criticise.",Woh
LEI,YM LEI
"lei, pkr, it will not fare ill, it will not go wrong",Ym lei
"nai, ad. no, not, I do not want it ",Yn
", kai n. a magic ring.",Yngkiiid sati
 PM,fi 
"m,",LD 
